[{"key": "https://www.instagram.com/p/B4BR4edJACZ/", "caption": "Image may contain: one or more people", "img_url": "https://instagram.fmaa8-1.fna.fbcdn.net/vp/a39beda482089f535e74afefc90d8a9b/5E5E13D9/t51.2885-15/sh0.08/e35/c60.0.1079.1079a/s640x640/74920840_140162137324914_1551183474623376319_n.jpg?_nc_ht=instagram.fmaa8-1.fna.fbcdn.net&_nc_cat=106"}, {"key": "https://www.instagram.com/p/B3w78Zhp927/", "caption": "Image may contain: one or more people", "img_url": "https://instagram.fmaa8-1.fna.fbcdn.net/vp/50d971395f166a1a237755a629e6d80c/5E51E7E7/t51.2885-15/sh0.08/e35/c0.59.1440.1440a/s640x640/73457401_2416264355109775_73441200426412247_n.jpg?_nc_ht=instagram.fmaa8-1.fna.fbcdn.net&_nc_cat=107"}, {"key": "https://www.instagram.com/p/B3f3Y1bJ3JF/", "caption": "", "img_url": "https://instagram.fmaa8-1.fna.fbcdn.net/vp/9198f5bcac05c6d06070bf0dfe48bf23/5DBDFF3F/t51.2885-15/e35/71811431_715759945559984_6455123116856216851_n.jpg?_nc_ht=instagram.fmaa8-1.fna.fbcdn.net&_nc_cat=108"}, {"key": "https://www.instagram.com/p/B3SpBD8JVDm/", "caption": "Image may contain: one or more people and indoor", "img_url": "https://instagram.fmaa8-1.fna.fbcdn.net/vp/d80ceeece6f303467dd962692c8b6761/5E5E3541/t51.2885-15/sh0.08/e35/s640x640/71140816_2406095919488595_223247241000559311_n.jpg?_nc_ht=instagram.fmaa8-1.fna.fbcdn.net&_nc_cat=103"}, {"key": "https://www.instagram.com/p/B3ImTaspywX/", "caption": "Image may contain: one or more people and shoes", "img_url": "https://instagram.fmaa8-1.fna.fbcdn.net/vp/59d004a59a95205daae9f6d21d430621/5E63F7A2/t51.2885-15/sh0.08/e35/c227.0.986.986a/s640x640/70369594_432128200990795_1830041297622449917_n.jpg?_nc_ht=instagram.fmaa8-1.fna.fbcdn.net&_nc_cat=107"}, {"key": "https://www.instagram.com/p/B3D8JRuJ5lJ/", "caption": "Image may contain: one or more people", "img_url": "https://instagram.fmaa8-1.fna.fbcdn.net/vp/15ee472be7062abd2c6f7dfcbc5350e2/5E61B76F/t51.2885-15/e35/70382434_227044288266705_5375240933744785008_n.jpg?_nc_ht=instagram.fmaa8-1.fna.fbcdn.net&_nc_cat=109"}, {"key": "https://www.instagram.com/p/B22uPDuJnsK/", "caption": "Image may contain: one or more people, people sitting and indoor", "img_url": "https://instagram.fmaa8-1.fna.fbcdn.net/vp/155851f30fddd584a05b54d2fc48b84f/5E6089A6/t51.2885-15/sh0.08/e35/s640x640/69527059_741219289655187_4941720258953018172_n.jpg?_nc_ht=instagram.fmaa8-1.fna.fbcdn.net&_nc_cat=103"}, {"key": "https://www.instagram.com/p/B2U0fEyp5MT/", "caption": "Image may contain: one or more people and eyeglasses", "img_url": "https://instagram.fmaa8-1.fna.fbcdn.net/vp/e4a8d9c8a7988b01364c136231ad3eae/5E5B608E/t51.2885-15/sh0.08/e35/c1.0.1437.1437a/s640x640/68964073_127196201957033_7167086246704558924_n.jpg?_nc_ht=instagram.fmaa8-1.fna.fbcdn.net&_nc_cat=105"}, {"key": "https://www.instagram.com/p/B2NLP2LplKb/", "caption": "Image may contain: one or more people and food", "img_url": "https://instagram.fmaa8-1.fna.fbcdn.net/vp/5ac075627de8b829cea95c22f01f1e47/5E49808B/t51.2885-15/sh0.08/e35/s640x640/69898194_2347810395478859_605624303269648595_n.jpg?_nc_ht=instagram.fmaa8-1.fna.fbcdn.net&_nc_cat=111"}, {"key": "https://www.instagram.com/p/B118nE7Jc0t/", "caption": "Image may contain: people smiling, one or more people and eyeglasses", "img_url": "https://instagram.fmaa8-1.fna.fbcdn.net/vp/b98f8d7e81eab932862191c24a66aa5b/5E5EE8B9/t51.2885-15/sh0.08/e35/c0.165.1440.1440a/s640x640/69253041_141400323747968_682261858419946354_n.jpg?_nc_ht=instagram.fmaa8-1.fna.fbcdn.net&_nc_cat=108"}, {"key": "https://www.instagram.com/p/B1e2715hcso/", "caption": "", "img_url": "https://instagram.fmaa8-1.fna.fbcdn.net/vp/f72b11bb296338b8c7556186665fcbfe/5DBDE6B7/t51.2885-15/sh0.08/e35/c0.420.1080.1080a/s640x640/69407341_485331242032584_7392310133649886202_n.jpg?_nc_ht=instagram.fmaa8-1.fna.fbcdn.net&_nc_cat=100"}, {"key": "https://www.instagram.com/p/B0i22EfJdNU/", "caption": "Image may contain: one or more people and indoor", "img_url": "https://instagram.fmaa8-1.fna.fbcdn.net/vp/f1dd0be4f7e196f1e0d8caa90ed42b90/5E5A7384/t51.2885-15/sh0.08/e35/s640x640/67611377_399324807377732_6662038967618689801_n.jpg?_nc_ht=instagram.fmaa8-1.fna.fbcdn.net&_nc_cat=108"}, {"key": "https://www.instagram.com/p/B0PJTaXHPh8/", "caption": "", "img_url": "https://instagram.fmaa8-1.fna.fbcdn.net/vp/c181ed8132d00043591f8eb763a21014/5DBDF31F/t51.2885-15/sh0.08/e35/c0.420.1080.1080a/s640x640/62578533_148642322916850_5997515250163671187_n.jpg?_nc_ht=instagram.fmaa8-1.fna.fbcdn.net&_nc_cat=110"}, {"key": "https://www.instagram.com/p/B0JEmPQJGXZ/", "caption": "Crutches + heat wave = Bleh!", "img_url": "https://instagram.fmaa8-1.fna.fbcdn.net/vp/f52f862c407b69ba14bc6310bd064bae/5E60DB8B/t51.2885-15/sh0.08/e35/s640x640/64256502_2293293360787843_1882092780897814996_n.jpg?_nc_ht=instagram.fmaa8-1.fna.fbcdn.net&_nc_cat=107"}, {"key": "https://www.instagram.com/p/Bzy4HYbnBeo/", "caption": "", "img_url": "https://instagram.fmaa8-1.fna.fbcdn.net/vp/f4b416257b4372245098aa876372e72a/5DBD970C/t51.2885-15/sh0.08/e35/c0.420.1080.1080a/s640x640/66028713_423109794964087_8255298326066638174_n.jpg?_nc_ht=instagram.fmaa8-1.fna.fbcdn.net&_nc_cat=107"}, {"key": "https://www.instagram.com/p/BzucC3AJb7f/", "caption": "HUGE thanks to Megan Rapinoe for including us in her victory tour (and for letting Rachel hold the trophy). The last image in this set is from the first time we had the USWNT on the show, July 19, 2011. Proud!", "img_url": "https://instagram.fmaa8-1.fna.fbcdn.net/vp/94fdbee5d043d0aeea5c6f2b8d891872/5E4CD4A3/t51.2885-15/sh0.08/e35/s640x640/65919412_480234586067449_6871297803753688925_n.jpg?_nc_ht=instagram.fmaa8-1.fna.fbcdn.net&_nc_cat=101"}, {"key": "https://www.instagram.com/p/BzbmMkRpvX9/", "caption": "", "img_url": "https://instagram.fmaa8-1.fna.fbcdn.net/vp/96bd991a0fa8006bca75476bbb04a60e/5DBD7830/t51.2885-15/sh0.08/e35/c0.420.1080.1080a/s640x640/65421405_2407891236108791_4441913906585181764_n.jpg?_nc_ht=instagram.fmaa8-1.fna.fbcdn.net&_nc_cat=111"}, {"key": "https://www.instagram.com/p/BzO63Y0phhW/", "caption": "Less than an hour away from Night 2 of the Democratic debate!", "img_url": "https://instagram.fmaa8-1.fna.fbcdn.net/vp/e8bdac03f7fe06f5033e060a5bd68b57/5E60E563/t51.2885-15/sh0.08/e35/c240.0.960.960a/s640x640/65218519_1618395538295547_634402949005070494_n.jpg?_nc_ht=instagram.fmaa8-1.fna.fbcdn.net&_nc_cat=103"}, {"key": "https://www.instagram.com/p/BzMbC1apOmi/", "caption": "Settling in backstage, getting ready to pick up the second half. (See twitter.com/MaddowBlog for live stream links.)", "img_url": "https://instagram.fmaa8-1.fna.fbcdn.net/vp/c8c5f583cf38b510b096b525321c4967/5E40799A/t51.2885-15/sh0.08/e35/s640x640/64251346_108363083656656_2810251379886316983_n.jpg?_nc_ht=instagram.fmaa8-1.fna.fbcdn.net&_nc_cat=100"}, {"key": "https://www.instagram.com/p/BzLpiHyp5Ds/", "caption": "Last night's stage versus tonight's stage... Phew!!", "img_url": "https://instagram.fmaa8-1.fna.fbcdn.net/vp/9eb37d1bca2abada42804494592a518a/5E5D5405/t51.2885-15/sh0.08/e35/s640x640/64847207_1370647363100991_5053564251065688296_n.jpg?_nc_ht=instagram.fmaa8-1.fna.fbcdn.net&_nc_cat=103"}, {"key": "https://www.instagram.com/p/BzJmyn0JZRn/", "caption": "Debate prep moved to the debate stage today. Luckily they made it easy to find.", "img_url": "https://instagram.fmaa8-1.fna.fbcdn.net/vp/cc00ebabd6d7e57fc611f38b56a818af/5E410D08/t51.2885-15/sh0.08/e35/c0.180.1440.1440a/s640x640/62653836_377749799539519_212346444740570996_n.jpg?_nc_ht=instagram.fmaa8-1.fna.fbcdn.net&_nc_cat=107"}, {"key": "https://www.instagram.com/p/BzHQZT5JbKj/", "caption": "We very much appreciate our friends in the NBC News Miami bureau sharing their space with us so we can still produce the show while we're down here preparing for the debates this Wednesday and Thursday.", "img_url": "https://instagram.fmaa8-1.fna.fbcdn.net/vp/86894b1bdd3f85217ff50cd0b09496ac/5E5647F4/t51.2885-15/sh0.08/e35/c90.0.899.899a/s640x640/62185933_119891732596881_2682543435334870983_n.jpg?_nc_ht=instagram.fmaa8-1.fna.fbcdn.net&_nc_cat=109"}, {"key": "https://www.instagram.com/p/By_T2hzjdie/", "caption": "", "img_url": "https://instagram.fmaa8-1.fna.fbcdn.net/vp/48820597c2ddf8389b75363976af754d/5DBDCF27/t51.2885-15/sh0.08/e35/c0.420.1080.1080a/s640x640/64397817_335996153763133_5344996781607728856_n.jpg?_nc_ht=instagram.fmaa8-1.fna.fbcdn.net&_nc_cat=101"}, {"key": "https://www.instagram.com/p/By6F6LdDd21/", "caption": "", "img_url": "https://instagram.fmaa8-1.fna.fbcdn.net/vp/92bc15e7ab3f38b640fffef75e7e44f6/5DBDA86A/t51.2885-15/sh0.08/e35/c0.420.1080.1080a/s640x640/64739177_120677385844494_7380284431583768994_n.jpg?_nc_ht=instagram.fmaa8-1.fna.fbcdn.net&_nc_cat=106"}, {"key": "https://www.instagram.com/p/By6FxMYJ_dp/", "caption": "", "img_url": "https://instagram.fmaa8-1.fna.fbcdn.net/vp/2bde150af278994fddb6cf409d6156b2/5DBE0755/t51.2885-15/sh0.08/e35/c0.420.1080.1080a/s640x640/61356940_874415522911695_2311402823121029254_n.jpg?_nc_ht=instagram.fmaa8-1.fna.fbcdn.net&_nc_cat=103"}, {"key": "https://www.instagram.com/p/BybBi1kJAcY/", "caption": "Julia draws the countries, Andres draws the names, and with that the World Cup office pool is locked in!", "img_url": "https://instagram.fmaa8-1.fna.fbcdn.net/vp/c798ea850bd9cd33b04d9531df172f51/5E44E034/t51.2885-15/sh0.08/e35/c41.0.1358.1358a/s640x640/61395239_447150136086773_240270513299959038_n.jpg?_nc_ht=instagram.fmaa8-1.fna.fbcdn.net&_nc_cat=105"}, {"key": "https://www.instagram.com/p/BxySlydpw6c/", "caption": "For folks who’ve been asking about book tour dates for Blowout, there’s no information to share on anything like that yet. We’ll be sure to let you know when there is.\n(Photo: Peter Kramer/NBC Universal)", "img_url": "https://instagram.fmaa8-1.fna.fbcdn.net/vp/a2737075c3f660443d6371475ad74908/5E5F8146/t51.2885-15/sh0.08/e35/c0.125.1000.1000a/s640x640/59644647_538916549974034_4923589699085829713_n.jpg?_nc_ht=instagram.fmaa8-1.fna.fbcdn.net&_nc_cat=102"}, {"key": "https://www.instagram.com/p/BxtR5S5hUMe/", "caption": "Rachel Maddow has a new book on the way!\n\nBlowout: Corrupted democracy, rogue state Russia, and the richest, most destructive industry on Earth\nComing October 2019!\n\nVisit MSNBC.com/Blowout to find pre-order links.", "img_url": "https://instagram.fmaa8-1.fna.fbcdn.net/vp/23fb980ffe91613c4256aaa86155397e/5E63C43B/t51.2885-15/sh0.08/e35/s640x640/60724828_438111866747895_8188047501611220578_n.jpg?_nc_ht=instagram.fmaa8-1.fna.fbcdn.net&_nc_cat=103"}, {"key": "https://www.instagram.com/p/Bxf_2ivBWDz/", "caption": "#Repost @paulrieckhoff\n・・・\n‪Are we going to war with Iran or what? What’s the real deal and what do you need to know? I break it down tomorrow in a very big episode of @angryamericansusa. AND I break it down with the great Rachel Maddow. We also get into her early days, fishing, if she’ll ever bring The Cocktail Moment back to her show, meeting @wendyshow and, of course,\ncocktails. Because in a week of news like this, you might need a drink. A very big one like this. It was the single biggest and most America whiskey I could find. You definitely want to hear more. Subscribe via the link in my bio or www.GetAngry.us. Subscribe right now and it’ll be waiting for your commute tomorrow. If you’re not angry about a potential war with Iran, you’re really not paying attention. #AngryAmericans #righteous #USA ⚡️🇺🇸🎙🥃🏎🎣‬///////// The difference between the look on my face here and the look on Paul's face is at least 90% of what you need to know about our friendship. \nThanks for a brilliant conversation, my bud. #AngryAmericans \nEpisode will post soon at GetAngry.us", "img_url": "https://instagram.fmaa8-1.fna.fbcdn.net/vp/050b842ed4c48fb740c3d645c338bb98/5E637D2F/t51.2885-15/sh0.08/e35/s640x640/59423068_2230264437022839_4683696638467374846_n.jpg?_nc_ht=instagram.fmaa8-1.fna.fbcdn.net&_nc_cat=103"}, {"key": "https://www.instagram.com/p/Bw-tyvUjQDQ/", "caption": "Thanks again to @hillaryclinton for taking the time to chat with us last night!", "img_url": "https://instagram.fmaa8-1.fna.fbcdn.net/vp/9dc95e0644efd9fbfdc880e1d3cca69f/5E504AD1/t51.2885-15/sh0.08/e35/s640x640/57648952_176363430019617_6580108891014059070_n.jpg?_nc_ht=instagram.fmaa8-1.fna.fbcdn.net&_nc_cat=109"}, {"key": "https://www.instagram.com/p/BwaR245D_aD/", "caption": "Just finished my first pass at notes on Volume 1. \nSomeone now please invent some kind of global pause button to stop the clock so I'll have time to get through Volume 2 before 9pm ET. \nCheers. (Also omg manafort).", "img_url": "https://instagram.fmaa8-1.fna.fbcdn.net/vp/66bbd168c02eae1b9bbd5dfc25718d0e/5E477CCC/t51.2885-15/sh0.08/e35/s640x640/56679663_2579541702116898_5517648143189148973_n.jpg?_nc_ht=instagram.fmaa8-1.fna.fbcdn.net&_nc_cat=106"}, {"key": "https://www.instagram.com/p/BwZt43MDoak/", "caption": "How to read hundreds of pages of special counsel report: Step 1:", "img_url": "https://instagram.fmaa8-1.fna.fbcdn.net/vp/e717a0d9098e25c695de42b8bd8b0a47/5E5BC57B/t51.2885-15/sh0.08/e35/s640x640/56716432_437604280322722_3647977081711650496_n.jpg?_nc_ht=instagram.fmaa8-1.fna.fbcdn.net&_nc_cat=110"}, {"key": "https://www.instagram.com/p/Bvu-0INDopo/", "caption": "", "img_url": "https://instagram.fmaa8-1.fna.fbcdn.net/vp/ca022cebe48c9fdc98991273378e4823/5DBD73F9/t51.2885-15/e35/54222476_1129576797215232_5652612055523373534_n.jpg?_nc_ht=instagram.fmaa8-1.fna.fbcdn.net&_nc_cat=100"}, {"key": "https://www.instagram.com/p/BvTL8pKjsVm/", "caption": "It’s harder than it looks! Thank you @rupaulsdragrace !", "img_url": "https://instagram.fmaa8-1.fna.fbcdn.net/vp/a5410a7830b1f21f2b3a274422408fa4/5DBDFE01/t51.2885-15/e15/53723867_145921073112079_8883527104688054354_n.jpg?_nc_ht=instagram.fmaa8-1.fna.fbcdn.net&_nc_cat=107"}, {"key": "https://www.instagram.com/p/BuuaAYSjj8d/", "caption": "Hangin’ out, waitin’ on that Manafort sentence...", "img_url": "https://instagram.fmaa8-1.fna.fbcdn.net/vp/6ae078df9a8c0aa5f4c35ea92a35f732/5E45B2B4/t51.2885-15/sh0.08/e35/c60.0.960.960a/s640x640/52834697_387872562025582_8522441333929601894_n.jpg?_nc_ht=instagram.fmaa8-1.fna.fbcdn.net&_nc_cat=110"}, {"key": "https://www.instagram.com/p/BuKk739jkr8/", "caption": "Hey, remember the other day when Rachel said we were working on a special report? It’s tonight! (And not a “Rachel has the night off...” special, but a real, live report.)", "img_url": "https://instagram.fmaa8-1.fna.fbcdn.net/vp/3ad94fefc2793a0f394278523adcd146/5E42CF5B/t51.2885-15/sh0.08/e35/s640x640/51177597_464809550724489_1818038311504554992_n.jpg?_nc_ht=instagram.fmaa8-1.fna.fbcdn.net&_nc_cat=109"}, {"key": "https://www.instagram.com/p/BtMnc4jjdDk/", "caption": "Caught! Ice fishing at the Ashfield Lake House in Western Mass, the greatest place on earth.", "img_url": "https://instagram.fmaa8-1.fna.fbcdn.net/vp/bd30ffa3aaf8f7bd3efbafe5c6a802ad/5E3EAA03/t51.2885-15/sh0.08/e35/s640x640/50589198_974420192757300_3865340031311819758_n.jpg?_nc_ht=instagram.fmaa8-1.fna.fbcdn.net&_nc_cat=100"}, {"key": "https://www.instagram.com/p/BtAel2jhcgU/", "caption": "", "img_url": "https://instagram.fmaa8-1.fna.fbcdn.net/vp/70fd32029bebf097fb10a80db53a84ae/5E5B203E/t51.2885-15/sh0.08/e35/c192.0.696.696a/s640x640/47690404_132747661091651_6342512053003009054_n.jpg?_nc_ht=instagram.fmaa8-1.fna.fbcdn.net&_nc_cat=111"}, {"key": "https://www.instagram.com/p/Bs6l_yujPae/", "caption": "", "img_url": "https://instagram.fmaa8-1.fna.fbcdn.net/vp/45b3218861bad8bcdca69caa240e50ed/5DBD79EC/t51.2885-15/e15/49858194_2042123982573144_5095689744826485902_n.jpg?_nc_ht=instagram.fmaa8-1.fna.fbcdn.net&_nc_cat=100"}, {"key": "https://www.instagram.com/p/BsJrhJEDUXd/", "caption": "Happy 2019! We’re starting the new year with Elizabeth Warren live in the studio for her first interview since announcing she’s exploring a run for president in 2020. See you at 9pmET!", "img_url": "https://instagram.fmaa8-1.fna.fbcdn.net/vp/df48a2b82e777f8b1c074f9ea6fc2962/5E51B4F8/t51.2885-15/sh0.08/e35/s640x640/49694976_129910158033359_6054298067665818879_n.jpg?_nc_ht=instagram.fmaa8-1.fna.fbcdn.net&_nc_cat=111"}, {"key": "https://www.instagram.com/p/Br6SC9ejruK/", "caption": "What it looks like when it's six at night and Rachel is in Washington, D.C. and the Secretary of Defense has resigned in protest for the first time in history. (In these photos, Rachel is on the speakerphone on the desk in front of Cory in the gray sweater.)", "img_url": "https://instagram.fmaa8-1.fna.fbcdn.net/vp/aac8a0419692823b8662cc881ee83444/5E44012D/t51.2885-15/sh0.08/e35/c135.0.810.810a/s640x640/47111795_317142522229765_3014312375496226941_n.jpg?_nc_ht=instagram.fmaa8-1.fna.fbcdn.net&_nc_cat=101"}, {"key": "https://www.instagram.com/p/Bq_GP47B5ew/", "caption": "Bag Man episode 7, the FINAL episode, is now available! Binge listeners, this is what you’ve been waiting for! MSNBC.com\\bagman", "img_url": "https://instagram.fmaa8-1.fna.fbcdn.net/vp/9bf99e154ec031b6779f5786facbcb40/5E5A8D48/t51.2885-15/e35/c235.0.610.610a/47228269_263411777863184_8151326817291702820_n.jpg?_nc_ht=instagram.fmaa8-1.fna.fbcdn.net&_nc_cat=108"}, {"key": "https://www.instagram.com/p/BqyWSCoj7gm/", "caption": "Some news days...", "img_url": "https://instagram.fmaa8-1.fna.fbcdn.net/vp/a5fb353e52175be6622c033c681ba183/5E427463/t51.2885-15/sh0.08/e35/s640x640/45670236_2184674648453309_3971863811824673789_n.jpg?_nc_ht=instagram.fmaa8-1.fna.fbcdn.net&_nc_cat=105"}, {"key": "https://www.instagram.com/p/BqYfhTuDJjL/", "caption": "Bag Man - Episode 5 is out tonight!  MSNBC.com/bagman \nWith his own Justice Department on the verge of indicting him, Vice President Spiro Agnew attempts a last-ditch effort to survive. A Constitutional crisis-inducing argument that even if prosecutors have evidence of his crimes, he can't be indicted anyway... the power of the White House protects him. With President Nixon himself about to go down in Watergate, it's now on one man's shoulders-- the Attorney General-- to come up with a way to remove a criminal Vice President... before he ascends to the Presidency.", "img_url": "https://instagram.fmaa8-1.fna.fbcdn.net/vp/0b5c7483c279d7c1e4e753800484e5bf/5E63EA1E/t51.2885-15/sh0.08/e35/s640x640/44374731_736879826684191_5439295814751850871_n.jpg?_nc_ht=instagram.fmaa8-1.fna.fbcdn.net&_nc_cat=107"}, {"key": "https://www.instagram.com/p/BqLKX3eBFfN/", "caption": "#Repost @arianagrande", "img_url": "https://instagram.fmaa8-1.fna.fbcdn.net/vp/79a446b947143e44d86493093f15c802/5E5A2B17/t51.2885-15/sh0.08/e35/s640x640/43367910_192325611677238_920053252653486799_n.jpg?_nc_ht=instagram.fmaa8-1.fna.fbcdn.net&_nc_cat=106"}, {"key": "https://www.instagram.com/p/Bp20uRYj2QL/", "caption": "", "img_url": "https://instagram.fmaa8-1.fna.fbcdn.net/vp/9c1e6e32460601d8e64ee3c3f033aef9/5DBD78E3/t51.2885-15/e15/c134.0.344.344a/43597811_205790236867043_6868275278191302143_n.jpg?_nc_ht=instagram.fmaa8-1.fna.fbcdn.net&_nc_cat=111"}, {"key": "https://www.instagram.com/p/Bp0uMOsjCD1/", "caption": "TFW Rachel is on the Tonight Show with Jimmy Fallon tonight!", "img_url": "https://instagram.fmaa8-1.fna.fbcdn.net/vp/93d32f35284cbd3039be75cf65977008/5E591847/t51.2885-15/sh0.08/e35/s640x640/43608419_2482419455118013_5787595710821455264_n.jpg?_nc_ht=instagram.fmaa8-1.fna.fbcdn.net&_nc_cat=101"}, {"key": "https://www.instagram.com/p/BpwwvR5DxDQ/", "caption": "This was prepping for the Andrew Gillum interview the other day. HEY, don’t forget we have a special Sunday night election preview show tonight at 9pET!", "img_url": "https://instagram.fmaa8-1.fna.fbcdn.net/vp/8d039c65e7edaad76c1923aff4bfc47a/5E56435F/t51.2885-15/sh0.08/e35/s640x640/45287880_269730543681428_4139917165791121684_n.jpg?_nc_ht=instagram.fmaa8-1.fna.fbcdn.net&_nc_cat=108"}, {"key": "https://www.instagram.com/p/BpkijSNFrtw/", "caption": "", "img_url": "https://instagram.fmaa8-1.fna.fbcdn.net/vp/b1bac413a6c2609bb082cd2ae9cfe64b/5DBDA66C/t51.2885-15/e15/c236.0.607.607a/43672700_254813632054959_6379379397996036136_n.jpg?_nc_ht=instagram.fmaa8-1.fna.fbcdn.net&_nc_cat=103"}, {"key": "https://www.instagram.com/p/BpQp2EqDxlN/", "caption": "", "img_url": "https://instagram.fmaa8-1.fna.fbcdn.net/vp/b556d1688496812970cab5baa9eab9a9/5DBD74DA/t51.2885-15/e15/c140.0.360.360a/43274482_276327729677279_1436320533461600358_n.jpg?_nc_ht=instagram.fmaa8-1.fna.fbcdn.net&_nc_cat=111"}, {"key": "https://www.instagram.com/p/BoPlc71hzJK/", "caption": "A quick huddle during a break in the Kavanaugh hearing.", "img_url": "https://instagram.fmaa8-1.fna.fbcdn.net/vp/a657d70a3a4b98645fdf2bcd89a8c7e9/5E50BB4D/t51.2885-15/sh0.08/e35/c51.0.977.977a/s640x640/41384813_499825067158827_3826402097537004997_n.jpg?_nc_ht=instagram.fmaa8-1.fna.fbcdn.net&_nc_cat=103"}, {"key": "https://www.instagram.com/p/BoAR2RChvTu/", "caption": "", "img_url": "https://instagram.fmaa8-1.fna.fbcdn.net/vp/8624c07e9dfa64af65b183389fcf8ed4/5DBDF62B/t51.2885-15/e15/41187899_953837904817207_3464452382314571141_n.jpg?_nc_ht=instagram.fmaa8-1.fna.fbcdn.net&_nc_cat=107"}, {"key": "https://www.instagram.com/p/BnuCLTeDpxh/", "caption": "Another day, another stack of pdf documents. (Actually, this was yesterday’s stack of PDFs, but you get the idea.)", "img_url": "https://instagram.fmaa8-1.fna.fbcdn.net/vp/55632f4a420037d3975a913b1c2605b8/5E4519A3/t51.2885-15/sh0.08/e35/s640x640/41214771_311689889637052_7397792446432680863_n.jpg?_nc_ht=instagram.fmaa8-1.fna.fbcdn.net&_nc_cat=104"}, {"key": "https://www.instagram.com/p/BnpGpReBRgD/", "caption": "", "img_url": "https://instagram.fmaa8-1.fna.fbcdn.net/vp/bbe807a9f4783da14a4df274eb96a6ba/5DBD98A1/t51.2885-15/e15/c134.0.344.344a/40668438_625989897795819_1573738809341000897_n.jpg?_nc_ht=instagram.fmaa8-1.fna.fbcdn.net&_nc_cat=103"}, {"key": "https://www.instagram.com/p/BnePZ6kh06W/", "caption": "What? Ten years already??? Thank you for watching!", "img_url": "https://instagram.fmaa8-1.fna.fbcdn.net/vp/cf9df5444f78b7b6d54d8d1a07f1b277/5DBDEFB1/t51.2885-15/e15/41079248_524172928023307_6830736961062988338_n.jpg?_nc_ht=instagram.fmaa8-1.fna.fbcdn.net&_nc_cat=107"}, {"key": "https://www.instagram.com/p/Bmw8YyBBcH3/", "caption": "", "img_url": "https://instagram.fmaa8-1.fna.fbcdn.net/vp/f932ad46a693788daae63bdcaa647538/5DBDAFF8/t51.2885-15/e15/c236.0.607.607a/38784942_501243720344047_8646646143335268352_n.jpg?_nc_ht=instagram.fmaa8-1.fna.fbcdn.net&_nc_cat=107"}, {"key": "https://www.instagram.com/p/Bmtzziph5MX/", "caption": "When the #BackstreetBoys are performing at the neighbor’s party across the street... #VMAs", "img_url": "https://instagram.fmaa8-1.fna.fbcdn.net/vp/cefb3f71fb55205aa44d55f28934998d/5E484D6D/t51.2885-15/sh0.08/e35/c85.0.910.910a/s640x640/38963928_1385411208228946_8134657712047783936_n.jpg?_nc_ht=instagram.fmaa8-1.fna.fbcdn.net&_nc_cat=110"}, {"key": "https://www.instagram.com/p/Bmb5U0nhV92/", "caption": "", "img_url": "https://instagram.fmaa8-1.fna.fbcdn.net/vp/fe3afab750d5d05ab0308a0d17414d15/5DBD9CC9/t51.2885-15/e15/c236.0.607.607a/37943869_434346383742374_3624077139323650048_n.jpg?_nc_ht=instagram.fmaa8-1.fna.fbcdn.net&_nc_cat=102"}, {"key": "https://www.instagram.com/p/BmMcQ1NAsJV/", "caption": "Back at the white board as we assembled for today’s meeting.", "img_url": "https://instagram.fmaa8-1.fna.fbcdn.net/vp/2280e46801d1b4cb828534f83b3f53d9/5E4600C3/t51.2885-15/sh0.08/e35/c15.0.1049.1049a/s640x640/38235952_425170161310650_6949795626582278144_n.jpg?_nc_ht=instagram.fmaa8-1.fna.fbcdn.net&_nc_cat=106"}, {"key": "https://www.instagram.com/p/BmL8IOWBdMm/", "caption": "", "img_url": "https://instagram.fmaa8-1.fna.fbcdn.net/vp/a0b2e735a5aa7fb30c4ffa0d5b847a82/5DBDB9C0/t51.2885-15/e15/c236.0.607.607a/38831338_226727261324188_2497236905226141696_n.jpg?_nc_ht=instagram.fmaa8-1.fna.fbcdn.net&_nc_cat=104"}, {"key": "https://www.instagram.com/p/BlJkVMPhWu2/", "caption": "Two hours to show time.", "img_url": "https://instagram.fmaa8-1.fna.fbcdn.net/vp/17c02676fada86ab96973dd1f8435f58/5E409555/t51.2885-15/sh0.08/e35/c0.0.1079.1079a/s640x640/36160236_201501327226774_3520834595203317760_n.jpg?_nc_ht=instagram.fmaa8-1.fna.fbcdn.net&_nc_cat=110"}, {"key": "https://www.instagram.com/p/Bklb39Mg0ll/", "caption": "", "img_url": "https://instagram.fmaa8-1.fna.fbcdn.net/vp/085e98929f00a66021224c1c2fba4203/5DBD7AFE/t51.2885-15/e15/s640x640/35295949_224179795061493_3488656446818615296_n.jpg?_nc_ht=instagram.fmaa8-1.fna.fbcdn.net&_nc_cat=109"}, {"key": "https://www.instagram.com/p/BjqRjuqAefR/", "caption": "", "img_url": "https://instagram.fmaa8-1.fna.fbcdn.net/vp/3a605c68c39475e271abe736596983be/5DBDE138/t51.2885-15/e15/33728636_800888360109009_401366806935109632_n.jpg?_nc_ht=instagram.fmaa8-1.fna.fbcdn.net&_nc_cat=109"}, {"key": "https://www.instagram.com/p/Bi0JQ6cAAHS/", "caption": "Checking the tape.... Rachel is back tonight!", "img_url": "https://instagram.fmaa8-1.fna.fbcdn.net/vp/3229b31f4c9765fc5551108396b9e611/5E3EC075/t51.2885-15/sh0.08/e35/s640x640/31745561_402463016901473_4253854640682041344_n.jpg?_nc_ht=instagram.fmaa8-1.fna.fbcdn.net&_nc_cat=105"}, {"key": "https://www.instagram.com/p/BinMViigdNa/", "caption": "Everyone is the same height on TV!\n(Nice to have Joyce Vance visit us in New York. Come back any time!)", "img_url": "https://instagram.fmaa8-1.fna.fbcdn.net/vp/7a2f7a4ca6419afcc999dd9d8817c476/5E3E0368/t51.2885-15/sh0.08/e35/s640x640/31757573_247190816021997_2411599861548843008_n.jpg?_nc_ht=instagram.fmaa8-1.fna.fbcdn.net&_nc_cat=109"}, {"key": "https://www.instagram.com/p/BiFjwXuAd4K/", "caption": "", "img_url": "https://instagram.fmaa8-1.fna.fbcdn.net/vp/1bf91e16207376e8b76f080fa69025be/5DBDD0A2/t51.2885-15/e15/s640x640/30593703_253443475222740_957521233035919360_n.jpg?_nc_ht=instagram.fmaa8-1.fna.fbcdn.net&_nc_cat=100"}, {"key": "https://www.instagram.com/p/Bgzlii_Al2K/", "caption": "When your office kitchen looks like your 9pm network handover...", "img_url": "https://instagram.fmaa8-1.fna.fbcdn.net/vp/e2d6d8aed36e98ea800933f4396dae2b/5E46AEC2/t51.2885-15/sh0.08/e35/s640x640/29415437_1931443720499742_2592551090041913344_n.jpg?_nc_ht=instagram.fmaa8-1.fna.fbcdn.net&_nc_cat=106"}, {"key": "https://www.instagram.com/p/BgpRvGQAgmN/", "caption": "Back to the white board... when the show you’d been working on for the past few hours is turned upside down by breaking news.", "img_url": "https://instagram.fmaa8-1.fna.fbcdn.net/vp/fb38c7252a8ab38de5affaf99b71a3b3/5E4CE1FA/t51.2885-15/sh0.08/e35/s640x640/29094851_163752324313062_6229237252619239424_n.jpg?_nc_ht=instagram.fmaa8-1.fna.fbcdn.net&_nc_cat=106"}, {"key": "https://www.instagram.com/p/BgUFMAugZkU/", "caption": "We had to go to a third column! Still a work in progress...", "img_url": "https://instagram.fmaa8-1.fna.fbcdn.net/vp/65b9d238f20eae96132400b9fcf0eb59/5E4ED073/t51.2885-15/e35/c237.0.606.606a/28754037_590775167923707_3986918871297687552_n.jpg?_nc_ht=instagram.fmaa8-1.fna.fbcdn.net&_nc_cat=103"}, {"key": "https://www.instagram.com/p/BgSGlK3A3w-/", "caption": "", "img_url": "https://instagram.fmaa8-1.fna.fbcdn.net/vp/03e40901addd0433784cae200e844670/5DBE0644/t51.2885-15/e15/28763641_150983948932263_7287679642901676032_n.jpg?_nc_ht=instagram.fmaa8-1.fna.fbcdn.net&_nc_cat=103"}, {"key": "https://www.instagram.com/p/Be_sr1zgBhy/", "caption": "Rachel and Julia discuss a story in the TRMS executive conference room.... HA! Just kidding. We don’t actually have that. Rachel just walks over and kneels on the floor.", "img_url": "https://instagram.fmaa8-1.fna.fbcdn.net/vp/d3a753766e67b01646d5916de5fa2896/5E52CCA3/t51.2885-15/sh0.08/e35/s640x640/27578825_2133485166934165_2536401775695495168_n.jpg?_nc_ht=instagram.fmaa8-1.fna.fbcdn.net&_nc_cat=101"}, {"key": "https://www.instagram.com/p/Bebp0vRgWQV/", "caption": "", "img_url": "https://instagram.fmaa8-1.fna.fbcdn.net/vp/69346ffe45de6273bf5de6fb79d5cf23/5DBE0EDC/t51.2885-15/e15/c236.0.607.607a/26870336_191620851584728_6242175068504326144_n.jpg?_nc_ht=instagram.fmaa8-1.fna.fbcdn.net&_nc_cat=104"}, {"key": "https://www.instagram.com/p/Bdd6C8Wgqnc/", "caption": "Most nights, not much goes on in the wings of the Rachel Maddow Show studio. But some nights... !!!", "img_url": "https://instagram.fmaa8-1.fna.fbcdn.net/vp/5b68ccb5b92b639e9795a78f335674de/5E3EB96A/t51.2885-15/sh0.08/e35/s640x640/26272393_950042408469303_6280334654633410560_n.jpg?_nc_ht=instagram.fmaa8-1.fna.fbcdn.net&_nc_cat=103"}, {"key": "https://www.instagram.com/p/Bc3OqWTA3JC/", "caption": "Thanks very much to our legal experts for your help with Friday's \"TRMS goes to Law School\" show. Very enlightening and helpful!", "img_url": "https://instagram.fmaa8-1.fna.fbcdn.net/vp/4231a603d4de3d30cfa73562d61d6786/5E421D4D/t51.2885-15/sh0.08/e35/c193.0.694.694a/s640x640/25016861_1171747976290684_4489997440174260224_n.jpg?_nc_ht=instagram.fmaa8-1.fna.fbcdn.net&_nc_cat=104"}, {"key": "https://www.instagram.com/p/BcrE3pVgr0n/", "caption": "Emmy statue delivery day at the TRMS cube farm. Congratulations everyone!", "img_url": "https://instagram.fmaa8-1.fna.fbcdn.net/vp/e9caf6c9aa0e3c2f03019f778787588b/5E482B20/t51.2885-15/sh0.08/e35/c2.0.1075.1075a/s640x640/25009946_264012767462179_7863089554146721792_n.jpg?_nc_ht=instagram.fmaa8-1.fna.fbcdn.net&_nc_cat=107"}, {"key": "https://www.instagram.com/p/Bbk5xCrA5pX/", "caption": "Hanging out by the water cooler. Rachel with Steve Benen.", "img_url": "https://instagram.fmaa8-1.fna.fbcdn.net/vp/5ae4903401be7f1346d248750dba0d85/5E50C010/t51.2885-15/sh0.08/e35/s640x640/23595717_171594153430473_3848990635151327232_n.jpg?_nc_ht=instagram.fmaa8-1.fna.fbcdn.net&_nc_cat=109"}, {"key": "https://www.instagram.com/p/BbLTCCwAkie/", "caption": "The journey of a thousand news articles begins with one page.", "img_url": "https://instagram.fmaa8-1.fna.fbcdn.net/vp/3e60f1edd06f56bc6e209d64d1ede9fd/5E601F03/t51.2885-15/sh0.08/e35/s640x640/23279474_2034084436822139_6777417427689930752_n.jpg?_nc_ht=instagram.fmaa8-1.fna.fbcdn.net&_nc_cat=111"}, {"key": "https://www.instagram.com/p/BaZ_4MEAo1_/", "caption": "Congratulations to Andrea Mitchell on receiving the Lifetime Achievement Award from the International Women’s Media Foundation today at the 2017 Courage in Journalism Awards today!", "img_url": "https://instagram.fmaa8-1.fna.fbcdn.net/vp/512bfc5ca4eaa34e9477bb18dda73003/5E57D6E9/t51.2885-15/sh0.08/e35/s640x640/22582259_354955751598808_9197737344159973376_n.jpg?_nc_ht=instagram.fmaa8-1.fna.fbcdn.net&_nc_cat=104"}, {"key": "https://www.instagram.com/p/BaU5M1XAPCU/", "caption": "Tonight you may notice Rachel in a different studio. She’ll be broadcasting from near Boston because right now she’s in the middle of hosting a fascinating panel at the Harvard Kennedy School’s Institute of Politics. Hopefully they’ll offer a recording of the event once it’s done. If so, we’ll update this post, so check back.//// OK here it is! Jump ahead to 12:40 for the beginning: https://www.youtube.com/watch?v=xC-Y5GWsdq0", "img_url": "https://instagram.fmaa8-1.fna.fbcdn.net/vp/938af761a232397a92c0db1e13102bbb/5E495971/t51.2885-15/e35/c236.0.607.607a/22581886_1471939789508391_1218982800313548800_n.jpg?_nc_ht=instagram.fmaa8-1.fna.fbcdn.net&_nc_cat=103"}, {"key": "https://www.instagram.com/p/BZ4nENvA1f1/", "caption": "when you’ve been away for a couple of days and there is LOTS in the news to talk about…", "img_url": "https://instagram.fmaa8-1.fna.fbcdn.net/vp/323bbc0e9f6e4f85ed52a0ac5c40a466/5E5D220C/t51.2885-15/sh0.08/e35/s640x640/22158716_329051664172886_4429571678430822400_n.jpg?_nc_ht=instagram.fmaa8-1.fna.fbcdn.net&_nc_cat=102"}, {"key": "https://www.instagram.com/p/BZ2H3SVgBxr/", "caption": "@paridukovic’s photo of Rachel for the new big New Yorker profile (http://bit.ly/2kjq4K6)", "img_url": "https://instagram.fmaa8-1.fna.fbcdn.net/vp/9c761e021b9eb788dd42a76b745e676d/5E6293CD/t51.2885-15/sh0.08/e35/c0.134.1080.1080a/s640x640/22158665_133844563927502_6393340681619767296_n.jpg?_nc_ht=instagram.fmaa8-1.fna.fbcdn.net&_nc_cat=102"}, {"key": "https://www.instagram.com/p/BZxbQJRARHM/", "caption": "Working in Las Vegas tonight, unfortunately for the worst possible reason.", "img_url": "https://instagram.fmaa8-1.fna.fbcdn.net/vp/a9b929742d71f5a968d533dcc3f710e6/5E3ED21F/t51.2885-15/sh0.08/e35/s640x640/22071230_1658292987577900_4235242047717507072_n.jpg?_nc_ht=instagram.fmaa8-1.fna.fbcdn.net&_nc_cat=104"}, {"key": "https://www.instagram.com/p/BY9RpO7gydp/", "caption": "Edie Windsor was magic, plain and simple.  goo.gl/c8cU7w  goo.gl/GpLSNn", "img_url": "https://instagram.fmaa8-1.fna.fbcdn.net/vp/ee73f967da8aa56923d670ebe7078fe8/5E472F74/t51.2885-15/e35/21690771_116663365688712_2998365924022550528_n.jpg?_nc_ht=instagram.fmaa8-1.fna.fbcdn.net&_nc_cat=100"}, {"key": "https://www.instagram.com/p/BYZGXaYAJsu/", "caption": "#Repost @radioandysxm\n・・・\nThanks to @maddowshow for joining us today on #DanRathersAmerica and touching on topics such as the aftermath of Hurricane Harvey, North Korea's latest missile launch, and much more!", "img_url": "https://instagram.fmaa8-1.fna.fbcdn.net/vp/d191fe3554e8f1941aa8c94fcfaf58cd/5E4979DF/t51.2885-15/sh0.08/e35/s640x640/21147829_1260936367348979_3203451802112491520_n.jpg?_nc_ht=instagram.fmaa8-1.fna.fbcdn.net&_nc_cat=111"}, {"key": "https://www.instagram.com/p/BYEgsaPgyh5/", "caption": "Rachel was so into it we were out there for an hour.", "img_url": "https://instagram.fmaa8-1.fna.fbcdn.net/vp/a928e932f35930167e9c7e198428843c/5E4956B7/t51.2885-15/e35/c237.0.606.606a/20905313_346641575792322_936682657306116096_n.jpg?_nc_ht=instagram.fmaa8-1.fna.fbcdn.net&_nc_cat=106"}, {"key": "https://www.instagram.com/p/BYEgdZPAw6g/", "caption": "", "img_url": "https://instagram.fmaa8-1.fna.fbcdn.net/vp/fc35980cc90b8c30ed5c0f0867ca0720/5E424B07/t51.2885-15/sh0.08/e35/c71.0.938.938a/s640x640/20968954_1314295032015087_4493015109966233600_n.jpg?_nc_ht=instagram.fmaa8-1.fna.fbcdn.net&_nc_cat=103"}, {"key": "https://www.instagram.com/p/BXrWGRGgfwK/", "caption": "", "img_url": "https://instagram.fmaa8-1.fna.fbcdn.net/vp/0f5c376be74f368a95635afbad901f83/5DBE086B/t51.2885-15/e15/c157.0.405.405a/20766279_341977816225220_8692859175396442112_n.jpg?_nc_ht=instagram.fmaa8-1.fna.fbcdn.net&_nc_cat=108"}, {"key": "https://www.instagram.com/p/BXjIIisgDCa/", "caption": "Rachel Maddow is back from vacation, back at her desk, and back on the air tonight!!!", "img_url": "https://instagram.fmaa8-1.fna.fbcdn.net/vp/1e1993134d913b3daebb919a748d4d43/5E53CB92/t51.2885-15/sh0.08/e35/s640x640/20759453_1716172018685684_7916591510781427712_n.jpg?_nc_ht=instagram.fmaa8-1.fna.fbcdn.net&_nc_cat=108"}, {"key": "https://www.instagram.com/p/BXZD8H2AFD-/", "caption": "#Repost @itsjeremyscott - The print edition has a different version of this. The digital edition of the interview has a different photo entirely.\n・・・\nSO AWESOME TO SEE RACHEL MADDOW ONE OF MY FAVORITE POLITICAL COMMENTATORS WEARING MY AS SEEN ON TV SHIRT IN @glamourmag SHOT BY @heatherhazzan & STYLED BY @grocurtis 🙌🏾🙏🏽👏🏽 THANK YOU RACHEL FOR ALL YOU DO TO BRING THE TRUTH TO LIGHT !", "img_url": "https://instagram.fmaa8-1.fna.fbcdn.net/vp/45f2ce0cf600394035e06806295a0011/5E4FE232/t51.2885-15/sh0.08/e35/s640x640/20633352_252920768560522_2852762392339677184_n.jpg?_nc_ht=instagram.fmaa8-1.fna.fbcdn.net&_nc_cat=110"}, {"key": "https://www.instagram.com/p/BWyXNRkAaMO/", "caption": "When Rachel reported recently on some health care protesters using a flat cardboard cut-out of Rob Portman, \"Flat Rob Portman,\" she referenced the popular school project \"Flat Stanley.\" That sent us to the archives because we were sure we could remember a visit from Flat Stanley to our offices at some point. Found it!", "img_url": "https://instagram.fmaa8-1.fna.fbcdn.net/vp/6304646b2e1d9dfc9b20d5dba9b3e8ec/5E5EA6DB/t51.2885-15/sh0.08/e35/c1.0.1078.1078a/s640x640/20184665_335101380252274_5707542268257239040_n.jpg?_nc_ht=instagram.fmaa8-1.fna.fbcdn.net&_nc_cat=110"}, {"key": "https://www.instagram.com/p/BWYgMmigrHO/", "caption": "This respite from the news brought to you by...", "img_url": "https://instagram.fmaa8-1.fna.fbcdn.net/vp/b412c849c03b8f78cd86d554fe02cfef/5E5B4136/t51.2885-15/sh0.08/e35/s640x640/19954959_706763389520140_6604095336719843328_n.jpg?_nc_ht=instagram.fmaa8-1.fna.fbcdn.net&_nc_cat=104"}, {"key": "https://www.instagram.com/p/BVsr4WSAbDh/", "caption": "#Repost @sternshow\n・・・\nRachel Maddow talked Russian hacking, her short hair, and the #FoxNews job offer she got from Roger Ailes in her return to the #SternShow. Hear the highlights on HowardStern.com (link in bio). . . . ///From Rachel’s recent trip to the Howard Stern Show. It’s frustrating that Instagram doesn’t allow links, but google it. May 24, 2017. They have SoundCloud and YouTube and other stuff.", "img_url": "https://instagram.fmaa8-1.fna.fbcdn.net/vp/6ff4e210c1fe8dda00033ba689f81b8a/5E51064E/t51.2885-15/sh0.08/e35/s640x640/19425032_239928729857415_6123866908686024704_n.jpg?_nc_ht=instagram.fmaa8-1.fna.fbcdn.net&_nc_cat=103"}, {"key": "https://www.instagram.com/p/BVUxlmmlpg0/", "caption": "#Repost @rollingstone\n・・・\nRachel Maddow appears on our new cover. Head to RollingStone.com to read the story in full. In the profile, she discusses breaking the Trump tax-return story, why Americans distrust the media and more. “I feel like the free press is going to be what saves us from the political crisis that we are in,” she says. “We just need to keep doing what we’re doing.” Photograph by Mark Seliger (@markseliger)", "img_url": "https://instagram.fmaa8-1.fna.fbcdn.net/vp/16f730345c4ab908fc52b9c8cd59b88b/5E5B8DB5/t51.2885-15/sh0.08/e35/s640x640/19228133_1960388624194052_1928457637507104768_n.jpg?_nc_ht=instagram.fmaa8-1.fna.fbcdn.net&_nc_cat=108"}, {"key": "https://www.instagram.com/p/BVA5xpql4cz/", "caption": "Spotted today leading a news meeting at the world headquarters of a certain cable news show… Rachel returns tonight! Pass it on!", "img_url": "https://instagram.fmaa8-1.fna.fbcdn.net/vp/602afeae6f3f329d94cdcd6196a272b2/5E61B639/t51.2885-15/sh0.08/e35/s640x640/18879492_310038059454488_3222879073063665664_n.jpg?_nc_ht=instagram.fmaa8-1.fna.fbcdn.net&_nc_cat=108"}, {"key": "https://www.instagram.com/p/BUkppbAFeZV/", "caption": "", "img_url": "https://instagram.fmaa8-1.fna.fbcdn.net/vp/901577aafcb80926792901123025ab89/5DBDF87B/t51.2885-15/e15/c157.0.405.405a/18646512_1379744625443313_8132212020230488064_n.jpg?_nc_ht=instagram.fmaa8-1.fna.fbcdn.net&_nc_cat=109"}, {"key": "https://www.instagram.com/p/BUNRw4AFK-2/", "caption": "From Rachel’s address to Smith College in January: “When asked if she had advice for young people thinking of running for public office, Rachel Maddow replied, ‘Do it.’”", "img_url": "https://instagram.fmaa8-1.fna.fbcdn.net/vp/69be3f32bc5347cc60b4b0088f2ae26c/5E4E9FF1/t51.2885-15/sh0.08/e35/s640x640/18512897_223258861506763_7349249261810221056_n.jpg?_nc_ht=instagram.fmaa8-1.fna.fbcdn.net&_nc_cat=107"}, {"key": "https://www.instagram.com/p/BTsJzvWF4su/", "caption": "#MayThe4thBeWithYou", "img_url": "https://instagram.fmaa8-1.fna.fbcdn.net/vp/d4cd3da7cfa45dcf3472bcd908556e34/5E51DA85/t51.2885-15/e35/c236.0.607.607a/18252591_320021948416803_7339859883480580096_n.jpg?_nc_ht=instagram.fmaa8-1.fna.fbcdn.net&_nc_cat=103"}, {"key": "https://www.instagram.com/p/BTdMdCwlLAx/", "caption": "", "img_url": "https://instagram.fmaa8-1.fna.fbcdn.net/vp/91d45325f99b22ba6b7a7251ed002148/5DBD8245/t51.2885-15/e15/18096080_360158637719772_5312520450868248576_n.jpg?_nc_ht=instagram.fmaa8-1.fna.fbcdn.net&_nc_cat=100"}, {"key": "https://www.instagram.com/p/BTaLeFzFSCW/", "caption": "Take your kid to work day at TRMS offices... Also a follow-up on our report on Trump inauguration donations in the F Block if there's time.", "img_url": "https://instagram.fmaa8-1.fna.fbcdn.net/vp/7c176431f07160cc0fa7a1b54f1b9155/5E55D0A3/t51.2885-15/sh0.08/e35/s640x640/18096564_1229760150484201_6440084352595394560_n.jpg?_nc_ht=instagram.fmaa8-1.fna.fbcdn.net&_nc_cat=101"}, {"key": "https://www.instagram.com/p/BS4hR_OlRNw/", "caption": "Nice photo by @David_Needleman for the recent @hollywoodreporter interview.", "img_url": "https://instagram.fmaa8-1.fna.fbcdn.net/vp/6dc3022356fee424c20b32f4d88778a9/5E50B82D/t51.2885-15/sh0.08/e35/c124.0.832.832a/s640x640/17933803_202578363578598_6823084419083927552_n.jpg?_nc_ht=instagram.fmaa8-1.fna.fbcdn.net&_nc_cat=106"}, {"key": "https://www.instagram.com/p/BSucDtuBWTc/", "caption": "", "img_url": "https://instagram.fmaa8-1.fna.fbcdn.net/vp/459013c1f35b6b05f0a99a7721da9d08/5DBDE711/t51.2885-15/e15/17881045_1921479151421287_4835923937374240768_n.jpg?_nc_ht=instagram.fmaa8-1.fna.fbcdn.net&_nc_cat=107"}, {"key": "https://www.instagram.com/p/BSUs3qqhkg7/", "caption": "Maddow show rule: Read to the end.", "img_url": "https://instagram.fmaa8-1.fna.fbcdn.net/vp/b155b3fdad71fc9ce018cb163dc905bc/5E4DC085/t51.2885-15/sh0.08/e35/c3.0.1074.1074a/s640x640/17662307_273142049793130_465649243151925248_n.jpg?_nc_ht=instagram.fmaa8-1.fna.fbcdn.net&_nc_cat=110"}, {"key": "https://www.instagram.com/p/BR9XCpdBLEv/", "caption": "Clips from Rachel's appearance on The View this morning (including the source of this quote) can be found in the @MaddowBlog Twitter timeline.", "img_url": "https://instagram.fmaa8-1.fna.fbcdn.net/vp/aa4681b7b6ab65001dcc7cba1f0ad5c8/5E45A008/t51.2885-15/sh0.08/e35/c94.0.891.891a/s640x640/17494207_1256449814392973_1306271220261453824_n.jpg?_nc_ht=instagram.fmaa8-1.fna.fbcdn.net&_nc_cat=105"}, {"key": "https://www.instagram.com/p/BRcI2k3BWZI/", "caption": "Fun surprise in yesterday's Cryptoquote (sorry, spoiler)", "img_url": "https://instagram.fmaa8-1.fna.fbcdn.net/vp/01dab2a9763faa54ede31b53554f9a23/5E504A73/t51.2885-15/e35/c115.0.458.458a/17127172_159751464542719_8072942949014437888_n.jpg?_nc_ht=instagram.fmaa8-1.fna.fbcdn.net&_nc_cat=107"}, {"key": "https://www.instagram.com/p/BRMgblwB1DE/", "caption": "Just as we were talking about the Chris Hayes interview last night with Carter Page, a handy primary source walked through on his way to the coffee machine…", "img_url": "https://instagram.fmaa8-1.fna.fbcdn.net/vp/f49f7533d09cb715e85a7d56555e3864/5E4C1DD7/t51.2885-15/sh0.08/e35/s640x640/17076880_827634800721740_4150428572609150976_n.jpg?_nc_ht=instagram.fmaa8-1.fna.fbcdn.net&_nc_cat=108"}, {"key": "https://www.instagram.com/p/BRJ2LiThWn3/", "caption": "", "img_url": "https://instagram.fmaa8-1.fna.fbcdn.net/vp/63c073bd559a2ea0db4ec05b0395f50a/5DBDBC17/t51.2885-15/e15/c140.0.360.360a/17075803_630857437106742_1041063256090738688_n.jpg?_nc_ht=instagram.fmaa8-1.fna.fbcdn.net&_nc_cat=106"}, {"key": "https://www.instagram.com/p/BQ1illahGhs/", "caption": "", "img_url": "https://instagram.fmaa8-1.fna.fbcdn.net/vp/0d3390a72bf36cbc2d84cbb30b294e40/5DBDF44A/t51.2885-15/e15/c157.0.405.405a/16788943_234049873724059_2753663327723847680_n.jpg?_nc_ht=instagram.fmaa8-1.fna.fbcdn.net&_nc_cat=107"}, {"key": "https://www.instagram.com/p/BQoLZR9DC2P/", "caption": "This was a couple days ago, but you can catch it online now here: http://bit.ly/2lnLPHj", "img_url": "https://instagram.fmaa8-1.fna.fbcdn.net/vp/4c470d4ab3bbcd19c492854c223aae52/5E5E8E4F/t51.2885-15/sh0.08/e35/s640x640/16465692_1179238578840501_499517684505903104_n.jpg?_nc_ht=instagram.fmaa8-1.fna.fbcdn.net&_nc_cat=109"}, {"key": "https://www.instagram.com/p/BQgnQKMFyA3/", "caption": "", "img_url": "https://instagram.fmaa8-1.fna.fbcdn.net/vp/3ef4caf39fdf14c104db36181c9b4b03/5DBD8E33/t51.2885-15/e15/16789019_409243399427850_5447048644874207232_n.jpg?_nc_ht=instagram.fmaa8-1.fna.fbcdn.net&_nc_cat=106"}, {"key": "https://www.instagram.com/p/BQgmw2glm0n/", "caption": "", "img_url": "https://instagram.fmaa8-1.fna.fbcdn.net/vp/4da085d8ea9424c0a0fce2ddfdde3032/5DBDD2B2/t51.2885-15/e15/16465040_676386562567316_8244002734680834048_n.jpg?_nc_ht=instagram.fmaa8-1.fna.fbcdn.net&_nc_cat=108"}, {"key": "https://www.instagram.com/p/BPvtbjAlYdM/", "caption": "", "img_url": "https://instagram.fmaa8-1.fna.fbcdn.net/vp/adcbe3d142e271f8ed45b78a913481e9/5DBDD603/t51.2885-15/e15/16123093_988779847894779_429728224042287104_n.jpg?_nc_ht=instagram.fmaa8-1.fna.fbcdn.net&_nc_cat=103"}, {"key": "https://www.instagram.com/p/BPvsvpKlp87/", "caption": "Catching up on instagrams. This was Saturday from the Park Ave bridge looking east on 42nd.", "img_url": "https://instagram.fmaa8-1.fna.fbcdn.net/vp/55ffe7bfca38f8390ba9f7747f4672c9/5E40DBD2/t51.2885-15/e35/c236.0.608.608a/16122957_671937142966947_8548489712371761152_n.jpg?_nc_ht=instagram.fmaa8-1.fna.fbcdn.net&_nc_cat=103"}, {"key": "https://www.instagram.com/p/BPvspxEF77U/", "caption": "", "img_url": "https://instagram.fmaa8-1.fna.fbcdn.net/vp/4cc4cf92d84c04d90b964c23036acce1/5DBD7DF6/t51.2885-15/e15/c157.0.405.405a/16123075_134428350399477_6412212411436105728_n.jpg?_nc_ht=instagram.fmaa8-1.fna.fbcdn.net&_nc_cat=109"}, {"key": "https://www.instagram.com/p/BPbSAWWlfh4/", "caption": "Things that weren't in the job description when you applied...", "img_url": "https://instagram.fmaa8-1.fna.fbcdn.net/vp/7b743f6f8a4b7abd9d615100c7d36a42/5E529E35/t51.2885-15/sh0.08/e35/s640x640/16122569_1079080562219746_6196219751660781568_n.jpg?_nc_ht=instagram.fmaa8-1.fna.fbcdn.net&_nc_cat=110"}, {"key": "https://www.instagram.com/p/BPJ2XeBlTJM/", "caption": "#Repost @bravowwhl ・・・\nThanks for stopping by the Clubhouse tonight Rachel and Chris! #WWHL", "img_url": "https://instagram.fmaa8-1.fna.fbcdn.net/vp/bd18069cf0dbc0f0a945164ce7e833d8/5E53E097/t51.2885-15/sh0.08/e35/c180.0.720.720a/s640x640/14561799_1138834039568144_4833993315214950400_n.jpg?_nc_ht=instagram.fmaa8-1.fna.fbcdn.net&_nc_cat=108"}, {"key": "https://www.instagram.com/p/BPJHODmFRRj/", "caption": "While we are very grateful for the gift Rachel received from our friends at Watch What Happens Live, you can understand why the staff was a little hesitant…", "img_url": "https://instagram.fmaa8-1.fna.fbcdn.net/vp/2bbb899f38f3980852e0b340c84f93d7/5E54439D/t51.2885-15/sh0.08/e35/s640x640/15803162_720433098133363_3190896586209099776_n.jpg?_nc_ht=instagram.fmaa8-1.fna.fbcdn.net&_nc_cat=107"}, {"key": "https://www.instagram.com/p/BPJAvDRFxk1/", "caption": "", "img_url": "https://instagram.fmaa8-1.fna.fbcdn.net/vp/44f212acb6c8d5308e7252176435a300/5DBDE3A6/t51.2885-15/e15/15876377_353546775018002_5138251263774818304_n.jpg?_nc_ht=instagram.fmaa8-1.fna.fbcdn.net&_nc_cat=102"}, {"key": "https://www.instagram.com/p/BO1O5yZFVZ7/", "caption": "Thanks very much to brand new Senate Minority Leader Chuck Schumer for taking the time to talk with us tonight.", "img_url": "https://instagram.fmaa8-1.fna.fbcdn.net/vp/991477e958e988207169fb59e2fdf025/5E6355F8/t51.2885-15/sh0.08/e35/s640x640/15803397_1918322678396484_1618234765352108032_n.jpg?_nc_ht=instagram.fmaa8-1.fna.fbcdn.net&_nc_cat=100"}, {"key": "https://www.instagram.com/p/BOVmNaMB3FN/", "caption": "Thanks very much to Homeland Security Secretary Jeh Johnson for joining us last night!", "img_url": "https://instagram.fmaa8-1.fna.fbcdn.net/vp/cb4813dc3fb504aec7625081509559ca/5E528591/t51.2885-15/sh0.08/e35/c48.0.960.960a/s640x640/15624779_1757011854623582_5568319108061069312_n.jpg?_nc_ht=instagram.fmaa8-1.fna.fbcdn.net&_nc_cat=102"}, {"key": "https://www.instagram.com/p/BOOKeahj1XZ/", "caption": "", "img_url": "https://instagram.fmaa8-1.fna.fbcdn.net/vp/32abc0307d2d2ae467f80b5a99e2afac/5E64DF27/t51.2885-15/e35/c236.0.607.607a/15624624_764356023711942_2164825428861124608_n.jpg?_nc_ht=instagram.fmaa8-1.fna.fbcdn.net&_nc_cat=106"}, {"key": "https://www.instagram.com/p/BOGSpi5DRvt/", "caption": "", "img_url": "https://instagram.fmaa8-1.fna.fbcdn.net/vp/c344aa35d4803259222fc040f3dc3446/5E521A05/t51.2885-15/sh0.08/e35/s640x640/15623951_1704015589911877_1968417656746803200_n.jpg?_nc_ht=instagram.fmaa8-1.fna.fbcdn.net&_nc_cat=101"}, {"key": "https://www.instagram.com/p/BN-VjRFhU_R/", "caption": "Tonight! Attorney General Loretta Lynch joins Rachel Maddow at the national historic landmarked The Stonewall Inn. 9pm ET!", "img_url": "https://instagram.fmaa8-1.fna.fbcdn.net/vp/503a6c13093b49029d11186b1aa12bbc/5E48411B/t51.2885-15/sh0.08/e35/c95.0.890.890a/s640x640/15338520_234200867018470_3122999067429306368_n.jpg?_nc_ht=instagram.fmaa8-1.fna.fbcdn.net&_nc_cat=110"}, {"key": "https://www.instagram.com/p/BN93_ojD-BD/", "caption": "Prepping for the Loretta Lynch interview at the Stonewall Inn. Airs tonight at 9pmET!", "img_url": "https://instagram.fmaa8-1.fna.fbcdn.net/vp/a60da5899f69647ce07cbbfb97b1ee23/5E59C427/t51.2885-15/sh0.08/e35/c22.0.1035.1035a/s640x640/15535565_1728500454144344_2801420344693358592_n.jpg?_nc_ht=instagram.fmaa8-1.fna.fbcdn.net&_nc_cat=108"}, {"key": "https://www.instagram.com/p/BN74O-XhOiW/", "caption": "When you're just trying to come in to work and you accidentally pass through the Maddow meeting and get accosted for your views on Donald Trump's secretary of state pick...", "img_url": "https://instagram.fmaa8-1.fna.fbcdn.net/vp/15a4987d8800374c8ed38bc4d89f0897/5E522F4B/t51.2885-15/sh0.08/e35/c101.0.878.878a/s640x640/15306639_376804185989346_144681367844683776_n.jpg?_nc_ht=instagram.fmaa8-1.fna.fbcdn.net&_nc_cat=106"}, {"key": "https://www.instagram.com/p/BNseTJQB4NN/", "caption": "", "img_url": "https://instagram.fmaa8-1.fna.fbcdn.net/vp/505f376e44de4ab6063a22cde453c230/5DBDE740/t51.2885-15/e15/15338542_1631272940506633_9191987108800102400_n.jpg?_nc_ht=instagram.fmaa8-1.fna.fbcdn.net&_nc_cat=101"}, {"key": "https://www.instagram.com/p/BMnWDSfD-_d/", "caption": "", "img_url": "https://instagram.fmaa8-1.fna.fbcdn.net/vp/5872ebde4c55312f5066203e5bc9a94d/5DBDA21F/t51.2885-15/e15/c236.0.607.607a/15043448_360776610942701_506915748493393920_n.jpg?_nc_ht=instagram.fmaa8-1.fna.fbcdn.net&_nc_cat=105"}, {"key": "https://www.instagram.com/p/BMnV4T7j8Mh/", "caption": "Incredible scene as thousands of anti-Trump protesters marched past our office in New York City tonight.", "img_url": "https://instagram.fmaa8-1.fna.fbcdn.net/vp/2eacaf9a5f1a47f191ebe172b06e69ee/5E525CD4/t51.2885-15/sh0.08/e35/s640x640/14474092_758575064311594_3509260865226407936_n.jpg?_nc_ht=instagram.fmaa8-1.fna.fbcdn.net&_nc_cat=110"}, {"key": "https://www.instagram.com/p/BMkXf6VDPTL/", "caption": "#Repost @msnbc_pr\n・・・\nWe're live and with you all night as the returns roll in for this historic election. 🇺🇸📺#Decision2016 #MSNBC", "img_url": "https://instagram.fmaa8-1.fna.fbcdn.net/vp/6eb9baf58c9cbb170f65d61182cb6a48/5E48CE71/t51.2885-15/sh0.08/e35/s640x640/15035025_1035243266601641_6818121734697254912_n.jpg?_nc_ht=instagram.fmaa8-1.fna.fbcdn.net&_nc_cat=105"}, {"key": "https://www.instagram.com/p/BMh18osBd-R/", "caption": "Watching JFK's campaign closing argument the day before he was elected.", "img_url": "https://instagram.fmaa8-1.fna.fbcdn.net/vp/85fe0a2e6f032a84844cc50ab181f4fb/5E54DE8E/t51.2885-15/sh0.08/e35/s640x640/14701066_353458968338039_2284345744414474240_n.jpg?_nc_ht=instagram.fmaa8-1.fna.fbcdn.net&_nc_cat=111"}, {"key": "https://www.instagram.com/p/BMhpr1fjelx/", "caption": "", "img_url": "https://instagram.fmaa8-1.fna.fbcdn.net/vp/5e8bab76d14cc8758bbe618db550b7de/5DBD8018/t51.2885-15/e15/c135.0.341.341a/14733631_1782712302009500_7490364359395246080_n.jpg?_nc_ht=instagram.fmaa8-1.fna.fbcdn.net&_nc_cat=108"}, {"key": "https://www.instagram.com/p/BMhpHNGjumk/", "caption": "#Repost @msnbc_pr ・・・\nPull up a chair and check out Rachel Maddow's conversation with Doris Kearns Goodwin in this week's Table For Three. (link in bio). #MSNBC #nytimes", "img_url": "https://instagram.fmaa8-1.fna.fbcdn.net/vp/fdade5a9572cd40e4830f247baab1890/5E535ED0/t51.2885-15/sh0.08/e35/s640x640/14719136_1742491149406620_5259412338439618560_n.jpg?_nc_ht=instagram.fmaa8-1.fna.fbcdn.net&_nc_cat=100"}, {"key": "https://www.instagram.com/p/BMfc0zVj_Vu/", "caption": "Like Christmas!", "img_url": "https://instagram.fmaa8-1.fna.fbcdn.net/vp/29126964e58e5f13daffee4dbebbef37/5E3E690E/t51.2885-15/sh0.08/e35/c0.134.1080.1080a/s640x640/14592019_1167547673332502_4154727306591469568_n.jpg?_nc_ht=instagram.fmaa8-1.fna.fbcdn.net&_nc_cat=102"}, {"key": "https://www.instagram.com/p/BMfJ79mDVUa/", "caption": "30 Rock in dress rehearsal mode tonight.", "img_url": "https://instagram.fmaa8-1.fna.fbcdn.net/vp/594da125434a9b176e8afc1217213166/5E518471/t51.2885-15/sh0.08/e35/c0.134.1080.1080a/s640x640/14712361_156167364850131_3702968039214415872_n.jpg?_nc_ht=instagram.fmaa8-1.fna.fbcdn.net&_nc_cat=103"}, {"key": "https://www.instagram.com/p/BMfDtzIj0Re/", "caption": "", "img_url": "https://instagram.fmaa8-1.fna.fbcdn.net/vp/9dc8424dca520513249021ba688f5c07/5DBDBE38/t51.2885-15/e15/s640x640/14717623_1231371450271189_4119236333967245312_n.jpg?_nc_ht=instagram.fmaa8-1.fna.fbcdn.net&_nc_cat=101"}, {"key": "https://www.instagram.com/p/BMAERcYjn_R/", "caption": "Tim Kaine tonight at 9pmET!", "img_url": "https://instagram.fmaa8-1.fna.fbcdn.net/vp/bbfb5518f3b9eac0349204da7d60e291/5E3EE7DD/t51.2885-15/sh0.08/e35/s640x640/14727607_687772804731659_7543075818709188608_n.jpg?_nc_ht=instagram.fmaa8-1.fna.fbcdn.net&_nc_cat=111"}, {"key": "https://www.instagram.com/p/BMADLNEjKaH/", "caption": "", "img_url": "https://instagram.fmaa8-1.fna.fbcdn.net/vp/f95a2f376d7d287a412bbb1fdae8a2ae/5DBE0A8A/t51.2885-15/e15/s640x640/14583502_1386671838029369_1243856003896705024_n.jpg?_nc_ht=instagram.fmaa8-1.fna.fbcdn.net&_nc_cat=105"}, {"key": "https://www.instagram.com/p/BLw5HFyjWGW/", "caption": "", "img_url": "https://instagram.fmaa8-1.fna.fbcdn.net/vp/95fcf5cdb4280e839f230bdd958c0fdb/5DBDCFE1/t51.2885-15/e15/s640x640/14718181_1083204365112168_4777600192755007488_n.jpg?_nc_ht=instagram.fmaa8-1.fna.fbcdn.net&_nc_cat=100"}, {"key": "https://www.instagram.com/p/BLjuxNIjcCW/", "caption": "You've likely seen a photos or video of Rachel conducting our daily story meeting, but here's a perspective you don't often see.", "img_url": "https://instagram.fmaa8-1.fna.fbcdn.net/vp/b9855288086a19359de1315e08bcc46e/5E6325C2/t51.2885-15/e35/c236.0.608.608a/14582426_365647617109377_5772861097262448640_n.jpg?_nc_ht=instagram.fmaa8-1.fna.fbcdn.net&_nc_cat=109"}, {"key": "https://www.instagram.com/p/BLjtCBnjnDL/", "caption": "", "img_url": "https://instagram.fmaa8-1.fna.fbcdn.net/vp/734d67020f092aeef29a86805e2b1396/5DBDC850/t51.2885-15/e15/14714561_282457558820693_5108093347747069952_n.jpg?_nc_ht=instagram.fmaa8-1.fna.fbcdn.net&_nc_cat=105"}, {"key": "https://www.instagram.com/p/BLXIEsejEU0/", "caption": "", "img_url": "https://instagram.fmaa8-1.fna.fbcdn.net/vp/3f65cd2da129887e9e1ca1bd3858ad2e/5DBDD17C/t51.2885-15/e15/14540688_378139825908040_4237883040287686656_n.jpg?_nc_ht=instagram.fmaa8-1.fna.fbcdn.net&_nc_cat=104"}, {"key": "https://www.instagram.com/p/BLKh06qjcZp/", "caption": "It's stone quiet in the studio as the panel is listening to the VP debate through their earpieces, taking notes.", "img_url": "https://instagram.fmaa8-1.fna.fbcdn.net/vp/72634230ded6b802f2bbc8257b454297/5E574230/t51.2885-15/sh0.08/e35/s640x640/14474001_1767021556871361_4487169195619909632_n.jpg?_nc_ht=instagram.fmaa8-1.fna.fbcdn.net&_nc_cat=109"}, {"key": "https://www.instagram.com/p/BKrdWDIBXzc/", "caption": "", "img_url": "https://instagram.fmaa8-1.fna.fbcdn.net/vp/12472603ac8ebb63432f0760abef434a/5DBDBD80/t51.2885-15/e15/14350986_213431219073823_3682013903094546432_n.jpg?_nc_ht=instagram.fmaa8-1.fna.fbcdn.net&_nc_cat=107"}, {"key": "https://www.instagram.com/p/BKo5xRzBqT6/", "caption": "", "img_url": "https://instagram.fmaa8-1.fna.fbcdn.net/vp/fd1eaaaf3b71923975c78fe3ad7db684/5DBE094F/t51.2885-15/e15/14350355_325177091167046_6689034143268864000_n.jpg?_nc_ht=instagram.fmaa8-1.fna.fbcdn.net&_nc_cat=102"}, {"key": "https://www.instagram.com/p/BKouthrBK11/", "caption": "Stolen from @ElizabethForMA's Twitter after last night's show. :)", "img_url": "https://instagram.fmaa8-1.fna.fbcdn.net/vp/53aa81d77eb7a726e5158aa9543fdbd2/5E5D638B/t51.2885-15/sh0.08/e35/s640x640/14279083_338604383148799_2918617774429306880_n.jpg?_nc_ht=instagram.fmaa8-1.fna.fbcdn.net&_nc_cat=107"}, {"key": "https://www.instagram.com/p/BKjnz5fhSnE/", "caption": "One of those days when there's just too much...", "img_url": "https://instagram.fmaa8-1.fna.fbcdn.net/vp/9ee61baa7de1446354204c4df3eaa62c/5E48D741/t51.2885-15/sh0.08/e35/c0.0.1063.1063a/s640x640/14350523_1121409277952735_1704148992_n.jpg?_nc_ht=instagram.fmaa8-1.fna.fbcdn.net&_nc_cat=111"}, {"key": "https://www.instagram.com/p/BKUfbC9hKy6/", "caption": "Another paper tornado day in the office...", "img_url": "https://instagram.fmaa8-1.fna.fbcdn.net/vp/b64f00b9e3f5ebf20daf3744f7244642/5E4B8C31/t51.2885-15/sh0.08/e35/c0.24.813.813a/s640x640/14288104_1840853336151163_2112273232_n.jpg?_nc_ht=instagram.fmaa8-1.fna.fbcdn.net&_nc_cat=107"}, {"key": "https://www.instagram.com/p/BKG9K66h6wy/", "caption": "", "img_url": "https://instagram.fmaa8-1.fna.fbcdn.net/vp/fb9c108eb1abc49ad3143acdfb50fb22/5DBD7588/t51.2885-15/e15/c134.0.344.344a/14276623_142513399533928_1448008677_n.jpg?_nc_ht=instagram.fmaa8-1.fna.fbcdn.net&_nc_cat=104"}, {"key": "https://www.instagram.com/p/BKE3cdshaqX/", "caption": "Fighter jet on set... YES!", "img_url": "https://instagram.fmaa8-1.fna.fbcdn.net/vp/967a8a59440a186fcc7d346d822ebc20/5E440DA6/t51.2885-15/sh0.08/e35/s640x640/14262887_1200223570058434_1099631995_n.jpg?_nc_ht=instagram.fmaa8-1.fna.fbcdn.net&_nc_cat=110"}, {"key": "https://www.instagram.com/p/BKE1WmUh3QL/", "caption": "Listening close and taking careful notes backstage at the Commander-in-chief Forum\nSee you at 9pmET!", "img_url": "https://instagram.fmaa8-1.fna.fbcdn.net/vp/d52bdbe15784122b6af1a6a67c8da0ad/5E536702/t51.2885-15/sh0.08/e35/c0.0.1080.1080a/s640x640/14240703_239825639752218_1176125316_n.jpg?_nc_ht=instagram.fmaa8-1.fna.fbcdn.net&_nc_cat=106"}, {"key": "https://www.instagram.com/p/BKEyrzMB0OA/", "caption": "Director Rob Katko checking lights and cameras ahead of our 9pm  special from the Intrepid tonight.", "img_url": "https://instagram.fmaa8-1.fna.fbcdn.net/vp/809081807f2056fb28305ab6dc0798e8/5E3E47B2/t51.2885-15/sh0.08/e35/s640x640/14272275_304899196541167_133720899_n.jpg?_nc_ht=instagram.fmaa8-1.fna.fbcdn.net&_nc_cat=107"}, {"key": "https://www.instagram.com/p/BKEom5MB5np/", "caption": "Sun setting on the skyline as crews pack up aboard the Intrepid Museum with an hour to go before the Commander-in-chief Forum on NBC/MSNBC.", "img_url": "https://instagram.fmaa8-1.fna.fbcdn.net/vp/24cbf631428a73fa25f518234868b2a0/5E53D873/t51.2885-15/sh0.08/e35/s640x640/14156436_655684371265803_1004723848_n.jpg?_nc_ht=instagram.fmaa8-1.fna.fbcdn.net&_nc_cat=103"}, {"key": "https://www.instagram.com/p/BJ4LFgQBSew/", "caption": "\"This campaign is going to be as nasty as a frat house bathroom on New Year's Eve.\"\n#Ratherisms", "img_url": "https://instagram.fmaa8-1.fna.fbcdn.net/vp/f4c217e1ccafb77539f9ab663972a0e4/5E4D6F09/t51.2885-15/e35/14099503_1777616835813400_1254454729_n.jpg?_nc_ht=instagram.fmaa8-1.fna.fbcdn.net&_nc_cat=104"}, {"key": "https://www.instagram.com/p/BJ35AfRh59t/", "caption": "", "img_url": "https://instagram.fmaa8-1.fna.fbcdn.net/vp/efec85e3f1619d09b273099ca8a896ec/5DBE0116/t51.2885-15/e15/c140.0.360.360a/14128726_720570188083527_1127698556_n.jpg?_nc_ht=instagram.fmaa8-1.fna.fbcdn.net&_nc_cat=103"}, {"key": "https://www.instagram.com/p/BJTfOccje8t/", "caption": "As you might guess, a considerable number of our segments are shaped by the sentence, \"Hey Rachel, check out this video I found.\"", "img_url": "https://instagram.fmaa8-1.fna.fbcdn.net/vp/4cf7b6e59394f0fce4cb1bdc876834b0/5E582256/t51.2885-15/sh0.08/e35/c124.0.832.832a/s640x640/13658476_105882179864024_1696639073_n.jpg?_nc_ht=instagram.fmaa8-1.fna.fbcdn.net&_nc_cat=108"}, {"key": "https://www.instagram.com/p/BJRWEj-DNuO/", "caption": "", "img_url": "https://instagram.fmaa8-1.fna.fbcdn.net/vp/3dcc81142dff661f806441b707e174b4/5DBD95EA/t51.2885-15/e15/13651717_180396019038958_531959021_n.jpg?_nc_ht=instagram.fmaa8-1.fna.fbcdn.net&_nc_cat=110"}, {"key": "https://www.instagram.com/p/BJI9gQaD93g/", "caption": "Today's story meeting right now! Hooray for vacations ending!", "img_url": "https://instagram.fmaa8-1.fna.fbcdn.net/vp/9cd4e12235d501861fbd9a3fa21f5c30/5E4587A4/t51.2885-15/sh0.08/e35/s640x640/13636145_740607672747574_942497470_n.jpg?_nc_ht=instagram.fmaa8-1.fna.fbcdn.net&_nc_cat=110"}, {"key": "https://www.instagram.com/p/BIbg-MPD6Zj/", "caption": "Next best thing to watching history live in Philly....", "img_url": "https://instagram.fmaa8-1.fna.fbcdn.net/vp/93efbf8e3d5a18a80fcd807a96d20d6b/5E49C76F/t51.2885-15/sh0.08/e35/s640x640/13768187_992392180858464_1539666238_n.jpg?_nc_ht=instagram.fmaa8-1.fna.fbcdn.net&_nc_cat=100"}, {"key": "https://www.instagram.com/p/BIbMY0tDpx8/", "caption": "", "img_url": "https://instagram.fmaa8-1.fna.fbcdn.net/vp/a6ddde3365015f7b66b3e85dae0c10a0/5DBDEAA1/t51.2885-15/e15/c158.0.404.404a/13724604_1739389232976343_753476930_n.jpg?_nc_ht=instagram.fmaa8-1.fna.fbcdn.net&_nc_cat=107"}, {"key": "https://www.instagram.com/p/BIY0jP_BxUi/", "caption": "", "img_url": "https://instagram.fmaa8-1.fna.fbcdn.net/vp/4bc1deca8455082ebc9762756011eca4/5DBDBD6F/t51.2885-15/e15/s640x640/13649371_644596392383307_624498131_n.jpg?_nc_ht=instagram.fmaa8-1.fna.fbcdn.net&_nc_cat=103"}, {"key": "https://www.instagram.com/p/BITz0PHBzqR/", "caption": "", "img_url": "https://instagram.fmaa8-1.fna.fbcdn.net/vp/d07d1d9477b02bde6271e06d544c5752/5DBDB1E2/t51.2885-15/e15/s640x640/13743512_570637546475029_950769751_n.jpg?_nc_ht=instagram.fmaa8-1.fna.fbcdn.net&_nc_cat=101"}, {"key": "https://www.instagram.com/p/BITzFLUBVaL/", "caption": "", "img_url": "https://instagram.fmaa8-1.fna.fbcdn.net/vp/845c2f333423ce4af4cd36bffd764723/5DBD96CF/t51.2885-15/e15/s640x640/13649383_1422418874438559_1314478601_n.jpg?_nc_ht=instagram.fmaa8-1.fna.fbcdn.net&_nc_cat=103"}, {"key": "https://www.instagram.com/p/BIQD_ufDfsG/", "caption": "With Chris Matthews for Meet the Press this morning. #DNCinPHL", "img_url": "https://instagram.fmaa8-1.fna.fbcdn.net/vp/9b5ea3b5fc1ff4155021967e846ff1cc/5E64DF65/t51.2885-15/sh0.08/e35/s640x640/13658414_686289228185327_1417221206_n.jpg?_nc_ht=instagram.fmaa8-1.fna.fbcdn.net&_nc_cat=111"}, {"key": "https://www.instagram.com/p/BIQDkLCD3Fi/", "caption": "Oh see, now you're just showing off. #PhillyDNC", "img_url": "https://instagram.fmaa8-1.fna.fbcdn.net/vp/b4a1c79f2631d78ebeec50a5ffd9bcc6/5E535813/t51.2885-15/sh0.08/e35/c0.96.768.768a/s640x640/13735841_273920622977580_2035655720_n.jpg?_nc_ht=instagram.fmaa8-1.fna.fbcdn.net&_nc_cat=100"}, {"key": "https://www.instagram.com/p/BIQDXxeDR3c/", "caption": "#PhillyDNC", "img_url": "https://instagram.fmaa8-1.fna.fbcdn.net/vp/3f17876985d597aaf28c7daf460f76fd/5E42DA3A/t51.2885-15/sh0.08/e35/s640x640/13735898_1756475657968341_2146635843_n.jpg?_nc_ht=instagram.fmaa8-1.fna.fbcdn.net&_nc_cat=109"}, {"key": "https://www.instagram.com/p/BIBEhELBW6A/", "caption": "", "img_url": "https://instagram.fmaa8-1.fna.fbcdn.net/vp/9949de2197d19b75a68ae7825391819d/5DBDF098/t51.2885-15/e15/s640x640/13707224_1142918942449252_1823244223_n.jpg?_nc_ht=instagram.fmaa8-1.fna.fbcdn.net&_nc_cat=104"}, {"key": "https://www.instagram.com/p/BHxcswAhfMc/", "caption": "Ha! What an awesome surprise! (Silver Surfer #5 - that's last week's release)", "img_url": "https://instagram.fmaa8-1.fna.fbcdn.net/vp/d59f0bf2d381a2f91964d37c9807e0c2/5E5AB508/t51.2885-15/sh0.08/e35/s640x640/13627892_1124392990959031_293748267_n.jpg?_nc_ht=instagram.fmaa8-1.fna.fbcdn.net&_nc_cat=107"}, {"key": "https://www.instagram.com/p/BHu9ipohaxK/", "caption": "", "img_url": "https://instagram.fmaa8-1.fna.fbcdn.net/vp/6e70710e5cd2811c47e1695c0242e5b1/5DBDBA66/t51.2885-15/e15/s640x640/13643554_1010071185774734_1301256708_n.jpg?_nc_ht=instagram.fmaa8-1.fna.fbcdn.net&_nc_cat=102"}, {"key": "https://www.instagram.com/p/BHS759JBHlS/", "caption": "Longer summer days = more light for reading", "img_url": "https://instagram.fmaa8-1.fna.fbcdn.net/vp/5b123c44180f2023c82802caf65147c6/5E46F0BB/t51.2885-15/sh0.08/e35/s640x640/13473194_1052887094801896_2101288457_n.jpg?_nc_ht=instagram.fmaa8-1.fna.fbcdn.net&_nc_cat=104"}, {"key": "https://www.instagram.com/p/BHLQIBaBXCd/", "caption": "", "img_url": "https://instagram.fmaa8-1.fna.fbcdn.net/vp/4ce1970346638651c87bf79e2558febb/5DBD7398/t51.2885-15/e15/s640x640/13551792_1646592208997602_598494947_n.jpg?_nc_ht=instagram.fmaa8-1.fna.fbcdn.net&_nc_cat=110"}, {"key": "https://www.instagram.com/p/BHDiO1phYYo/", "caption": "", "img_url": "https://instagram.fmaa8-1.fna.fbcdn.net/vp/fca5b0a5b8483a3c8850c059a9607c1d/5DBE14FB/t51.2885-15/e15/s640x640/13398686_263880773969556_2095749662_n.jpg?_nc_ht=instagram.fmaa8-1.fna.fbcdn.net&_nc_cat=100"}, {"key": "https://www.instagram.com/p/BHAwb_Cg2Cz/", "caption": "", "img_url": "https://instagram.fmaa8-1.fna.fbcdn.net/vp/45251b907627d33946072cbeeb030bd3/5DBDEA8C/t51.2885-15/e15/s640x640/13398709_895421200564144_1327287761_n.jpg?_nc_ht=instagram.fmaa8-1.fna.fbcdn.net&_nc_cat=104"}, {"key": "https://www.instagram.com/p/BG5OrfPA2AO/", "caption": "So you know how we have the answers in the Friday Night News Dump judged by the disembodied voice of MaddowBlog writer Steve Benen? Well here is the actual, embodied Steve Benen hanging out with us in our New York City cube farm!", "img_url": "https://instagram.fmaa8-1.fna.fbcdn.net/vp/347f4bda742d9d6f4a0924fd947dd01e/5E464B7C/t51.2885-15/sh0.08/e35/s640x640/13391097_1006698642712635_707246108_n.jpg?_nc_ht=instagram.fmaa8-1.fna.fbcdn.net&_nc_cat=103"}, {"key": "https://www.instagram.com/p/BG5NwDeA2OQ/", "caption": "Yes, I put him back.", "img_url": "https://instagram.fmaa8-1.fna.fbcdn.net/vp/456f26d348ad179e940c6361fdb82b50/5E49C5E7/t51.2885-15/sh0.08/e35/s640x640/13414214_1568134456813606_1263852035_n.jpg?_nc_ht=instagram.fmaa8-1.fna.fbcdn.net&_nc_cat=110"}, {"key": "https://www.instagram.com/p/BGxZ91lA2AU/", "caption": "It's bring your mouse fly to work day!", "img_url": "https://instagram.fmaa8-1.fna.fbcdn.net/vp/deb146399da3f0a4574c0d0a2fa78ddb/5E528505/t51.2885-15/sh0.08/e35/s640x640/13385896_294108614310674_1747059177_n.jpg?_nc_ht=instagram.fmaa8-1.fna.fbcdn.net&_nc_cat=102"}, {"key": "https://www.instagram.com/p/BGxZjvQg2O1/", "caption": "From last week, spending quality time with @joyannreid", "img_url": "https://instagram.fmaa8-1.fna.fbcdn.net/vp/b42ecc5cbb5c0ded5c15d46d35a4be1b/5E5A6B35/t51.2885-15/sh0.08/e35/s640x640/13423400_656975074449664_2102710549_n.jpg?_nc_ht=instagram.fmaa8-1.fna.fbcdn.net&_nc_cat=104"}, {"key": "https://www.instagram.com/p/BGc45DhA2I7/", "caption": "", "img_url": "https://instagram.fmaa8-1.fna.fbcdn.net/vp/7dbdd118d837c1ac511d9c7c56fd740c/5DBDD242/t51.2885-15/e15/s640x640/13423435_1118585654864977_706234204_n.jpg?_nc_ht=instagram.fmaa8-1.fna.fbcdn.net&_nc_cat=101"}, {"key": "https://www.instagram.com/p/BGXsp8dA2Ay/", "caption": "", "img_url": "https://instagram.fmaa8-1.fna.fbcdn.net/vp/71811fa742eb06e3b942ee1bf0e29a3b/5DBE0970/t51.2885-15/e15/c157.0.406.406a/13397578_612213742271722_54282727_n.jpg?_nc_ht=instagram.fmaa8-1.fna.fbcdn.net&_nc_cat=110"}, {"key": "https://www.instagram.com/p/BGFY5yGA2KI/", "caption": "Dinner!", "img_url": "https://instagram.fmaa8-1.fna.fbcdn.net/vp/de3a51de063461e87a0d4c537b6d2b6d/5E544CCD/t51.2885-15/e35/13248710_1602561130056038_392684710_n.jpg?_nc_ht=instagram.fmaa8-1.fna.fbcdn.net&_nc_cat=102"}, {"key": "https://www.instagram.com/p/BF4pkjMg2MB/", "caption": "Director Rob Katko found me the kind of 8\" floppy they run nuclear ICBMs on. Label says ours has a Reagan gfx on it.", "img_url": "https://instagram.fmaa8-1.fna.fbcdn.net/vp/fa0af0c655d786ed7b287737d11eca74/5E4B109D/t51.2885-15/sh0.08/e35/s640x640/13260827_585752751587830_1266891464_n.jpg?_nc_ht=instagram.fmaa8-1.fna.fbcdn.net&_nc_cat=110"}, {"key": "https://www.instagram.com/p/BFxJfdLg2MZ/", "caption": "Tools of the trade: Since the script has to be said out loud, it’s sometimes easier to compose it that way. Multiple recorders allow multiple transcribers – or someone working on the first part while the second part is still being worked out.  Also, cookies.", "img_url": "https://instagram.fmaa8-1.fna.fbcdn.net/vp/ef6ce88ebc4bbeaefda53501f8101228/5E642186/t51.2885-15/sh0.08/e35/s640x640/13260901_292151594449839_1700656173_n.jpg?_nc_ht=instagram.fmaa8-1.fna.fbcdn.net&_nc_cat=103"}, {"key": "https://www.instagram.com/p/BFfQHx8A2FH/", "caption": "If you saw that profile of Rachel on CBS on Sunday, this is what it looks like when a TV crew comes to film your meeting. Got something to pitch? Speak into the mic!", "img_url": "https://instagram.fmaa8-1.fna.fbcdn.net/vp/e1f9f5538a2e0781ff0ed62cd431a794/5E42FCCD/t51.2885-15/e35/c236.0.608.608a/13108810_939191802844699_1890571204_n.jpg?_nc_ht=instagram.fmaa8-1.fna.fbcdn.net&_nc_cat=107"}, {"key": "https://www.instagram.com/p/BFXeh1JA2Os/", "caption": "It's not that we're required to work on the floor, but sometimes producing the A block is too big for a desk.", "img_url": "https://instagram.fmaa8-1.fna.fbcdn.net/vp/9f5a17530bf182cb10055f181613a125/5E63190F/t51.2885-15/sh0.08/e35/s640x640/13151268_275334612801580_775932146_n.jpg?_nc_ht=instagram.fmaa8-1.fna.fbcdn.net&_nc_cat=104"}, {"key": "https://www.instagram.com/p/BFU0s01A2DM/", "caption": "Tonight!!", "img_url": "https://instagram.fmaa8-1.fna.fbcdn.net/vp/a4b63a5d20b5945498993c337501cd60/5E59785C/t51.2885-15/e35/c55.0.403.403a/13167287_1602332873428128_1708109187_n.jpg?_nc_ht=instagram.fmaa8-1.fna.fbcdn.net&_nc_cat=100"}, {"key": "https://www.instagram.com/p/BFSG1hFA2LM/", "caption": "For folks who asked,  Where's the Bernie Sanders pic? in response to the photo with Hillary Clinton (https://www.instagram.com/p/9PA9FqA2KZ/), here we go!  Now we have to see about getting an interview with Donald Trump...", "img_url": "https://instagram.fmaa8-1.fna.fbcdn.net/vp/5fb8061aa4f717a35bc7221a402ef52b/5E62EC49/t51.2885-15/e35/c0.0.411.411a/13181489_1718358838434430_1942584404_n.jpg?_nc_ht=instagram.fmaa8-1.fna.fbcdn.net&_nc_cat=110"}, {"key": "https://www.instagram.com/p/BFFQyo8g2Cu/", "caption": "Rachel went to Vermont, so where do you think you'll find her? Next to the Heady Topper, of course!", "img_url": "https://instagram.fmaa8-1.fna.fbcdn.net/vp/2e045ab60b371d319b711f043558b0ee/5E5A32C9/t51.2885-15/sh0.08/e35/s640x640/13117974_672697016202140_132169494_n.jpg?_nc_ht=instagram.fmaa8-1.fna.fbcdn.net&_nc_cat=108"}, {"key": "https://www.instagram.com/p/BFFO1huA2Ox/", "caption": "For tonight's interview with Bernie Sanders we just set up a couple of chairs in his back yard.", "img_url": "https://instagram.fmaa8-1.fna.fbcdn.net/vp/5c15f927c33703a487b0df9872f8a4fb/5E458BD0/t51.2885-15/sh0.08/e35/s640x640/13167321_1547863872184949_767459993_n.jpg?_nc_ht=instagram.fmaa8-1.fna.fbcdn.net&_nc_cat=105"}, {"key": "https://www.instagram.com/p/BFAKqHsA2N2/", "caption": "", "img_url": "https://instagram.fmaa8-1.fna.fbcdn.net/vp/8adc8369cb42f9cf5cf5fa2fbea69785/5DBE146B/t51.2885-15/e15/13113717_1118957638172017_1894781812_n.jpg?_nc_ht=instagram.fmaa8-1.fna.fbcdn.net&_nc_cat=101"}, {"key": "https://www.instagram.com/p/BEZoKPcA2Lr/", "caption": "", "img_url": "https://instagram.fmaa8-1.fna.fbcdn.net/vp/b056ed01d7a20d78b8b924ae2cddf566/5DBE0C19/t51.2885-15/e15/c140.0.360.360a/12599315_499130003622063_602853596_n.jpg?_nc_ht=instagram.fmaa8-1.fna.fbcdn.net&_nc_cat=103"}, {"key": "https://www.instagram.com/p/BEMp0JTA2L6/", "caption": "Getting it sorted.", "img_url": "https://instagram.fmaa8-1.fna.fbcdn.net/vp/764a32a13dbe8c28b8445a826b556cc8/5E5F950A/t51.2885-15/sh0.08/e35/s640x640/12905196_227982860893572_883762706_n.jpg?_nc_ht=instagram.fmaa8-1.fna.fbcdn.net&_nc_cat=100"}, {"key": "https://www.instagram.com/p/BD6idW1g2BC/", "caption": "", "img_url": "https://instagram.fmaa8-1.fna.fbcdn.net/vp/e04d90f0fca6f736d5fb0e338434a13a/5DBDB1DF/t51.2885-15/e15/12519399_1648531805437595_176003938_n.jpg?_nc_ht=instagram.fmaa8-1.fna.fbcdn.net&_nc_cat=111"}, {"key": "https://www.instagram.com/p/BDrITNNA2AN/", "caption": "When new news breaks after you already did the interview and you have to schlep your butt back out to get that one more answer... (That was this: http://www.msnbc.com/rachel-maddow/watch/clinton-on-trump-outrageous-and-dangerous-655453763826)", "img_url": "https://instagram.fmaa8-1.fna.fbcdn.net/vp/9edeb39cf0e1bb492507807f1438d032/5E526039/t51.2885-15/e35/c0.60.480.480a/12918650_934803989971540_1872820395_n.jpg?_nc_ht=instagram.fmaa8-1.fna.fbcdn.net&_nc_cat=104"}, {"key": "https://www.instagram.com/p/BDlikrtA2CG/", "caption": "OMG! We're at The Apollo!", "img_url": "https://instagram.fmaa8-1.fna.fbcdn.net/vp/1ebbe862e98262829db29f83f9d3f892/5E64A0DC/t51.2885-15/sh0.08/e35/c2.0.1076.1076a/s640x640/12383353_713961498745762_1239771192_n.jpg?_nc_ht=instagram.fmaa8-1.fna.fbcdn.net&_nc_cat=110"}, {"key": "https://www.instagram.com/p/BDlUPw9g2F2/", "caption": "Oh yeah, like you have a better outfit than this for a Hillary Clinton event?\n\nRachel Maddow interviews Clinton tonight at 9pmET, followed by an interview with Bernie Sanders at 10pmET.", "img_url": "https://instagram.fmaa8-1.fna.fbcdn.net/vp/400685f8a8560adad73a47656c925fbe/5E61539B/t51.2885-15/sh0.08/e35/s640x640/12917930_1720635198175444_2083812849_n.jpg?_nc_ht=instagram.fmaa8-1.fna.fbcdn.net&_nc_cat=104"}, {"key": "https://www.instagram.com/p/BDhMnBzg2H8/", "caption": "Some Mondays are harder than others...", "img_url": "https://instagram.fmaa8-1.fna.fbcdn.net/vp/2420b56e6d7e8da322cbe0f82bb2cb7b/5E490B21/t51.2885-15/sh0.08/e35/c28.0.1024.1024a/s640x640/12930827_489008407890789_578468869_n.jpg?_nc_ht=instagram.fmaa8-1.fna.fbcdn.net&_nc_cat=109"}, {"key": "https://www.instagram.com/p/BDReuLRg2AR/", "caption": "", "img_url": "https://instagram.fmaa8-1.fna.fbcdn.net/vp/b891519ee7b50bc8a3cb05ee3ff07856/5DBDED29/t51.2885-15/e15/12446204_904120776368962_1608867274_n.jpg?_nc_ht=instagram.fmaa8-1.fna.fbcdn.net&_nc_cat=110"}, {"key": "https://www.instagram.com/p/BDFNNG_g2KU/", "caption": "", "img_url": "https://instagram.fmaa8-1.fna.fbcdn.net/vp/775d663fa9b42759f2c720b359eed766/5E42E9FD/t51.2885-15/sh0.08/e35/s640x640/12822402_436226013219246_1414585789_n.jpg?_nc_ht=instagram.fmaa8-1.fna.fbcdn.net&_nc_cat=106"}, {"key": "https://www.instagram.com/p/BC_R4rOA2BW/", "caption": "", "img_url": "https://instagram.fmaa8-1.fna.fbcdn.net/vp/0112a942f63e5adc6207df1475734b4b/5DBDB1A8/t51.2885-15/e15/12816858_185170015204264_417038523_n.jpg?_nc_ht=instagram.fmaa8-1.fna.fbcdn.net&_nc_cat=104"}, {"key": "https://www.instagram.com/p/BCtb6TUg2EL/", "caption": "", "img_url": "https://instagram.fmaa8-1.fna.fbcdn.net/vp/8072f8042b9a5c05e8b09b3246c0bda7/5DBE04CA/t51.2885-15/e15/12825733_1517843648522314_719420729_n.jpg?_nc_ht=instagram.fmaa8-1.fna.fbcdn.net&_nc_cat=110"}, {"key": "https://www.instagram.com/p/BCMkp16g2Km/", "caption": "In an undisclosed location in an undisclosed NBC news bureau, behold the candy drawer that puts all others to shame!", "img_url": "https://instagram.fmaa8-1.fna.fbcdn.net/vp/1c272577fb62cb0190be7fbdd589fb96/5E64DB97/t51.2885-15/sh0.08/e35/s640x640/11355075_686506984824397_323344278_n.jpg?_nc_ht=instagram.fmaa8-1.fna.fbcdn.net&_nc_cat=101"}, {"key": "https://www.instagram.com/p/BCJfFAvg2Ep/", "caption": "So... Rachel is still having a good time in Las Vegas... After tonight's show Rachel stays on the air for live coverage of the Nevada Republican caucuses. Watch!", "img_url": "https://instagram.fmaa8-1.fna.fbcdn.net/vp/743cb1a8594a0397f603a4e5c5683806/5E4BF477/t51.2885-15/e35/12751350_1580199525637170_1626518702_n.jpg?_nc_ht=instagram.fmaa8-1.fna.fbcdn.net&_nc_cat=106"}, {"key": "https://www.instagram.com/p/BB8pnpFg2FC/", "caption": "Hello Mr. Vice President!", "img_url": "https://instagram.fmaa8-1.fna.fbcdn.net/vp/5d20051c787640021d29e844510de914/5E527A11/t51.2885-15/sh0.08/e35/s640x640/12717036_1672258549724001_1286348760_n.jpg?_nc_ht=instagram.fmaa8-1.fna.fbcdn.net&_nc_cat=109"}, {"key": "https://www.instagram.com/p/BB8GI_iA2CW/", "caption": "In St.Paul, MN for the interview with V.P .Biden. Airs tonight at 8pmET (special time)", "img_url": "https://instagram.fmaa8-1.fna.fbcdn.net/vp/39bf4047ccd8b58a789036500f4d04d3/5E4C39AE/t51.2885-15/sh0.08/e35/s640x640/12729700_231132193891887_2072434210_n.jpg?_nc_ht=instagram.fmaa8-1.fna.fbcdn.net&_nc_cat=103"}, {"key": "https://www.instagram.com/p/BB6T-v9A2Nt/", "caption": "When you show up at work and Rachel has a suitcase on the floor in her office... Hitting the road to meet with Joe Biden! Interview airs Thursday at special time of 8pm ET.", "img_url": "https://instagram.fmaa8-1.fna.fbcdn.net/vp/1b9aff797dc4ac01df4e49833a596373/5E406EB3/t51.2885-15/sh0.08/e35/s640x640/12751050_1049041908485484_1577155389_n.jpg?_nc_ht=instagram.fmaa8-1.fna.fbcdn.net&_nc_cat=100"}, {"key": "https://www.instagram.com/p/BBmB-RHg2EC/", "caption": "The women of NBC on the campaign trail (via Chris Jansing)", "img_url": "https://instagram.fmaa8-1.fna.fbcdn.net/vp/89a0ae968b88fc1ef80d15a91a1f800d/5E407932/t51.2885-15/sh0.08/e35/s640x640/12599061_1518056191822857_1658376596_n.jpg?_nc_ht=instagram.fmaa8-1.fna.fbcdn.net&_nc_cat=109"}, {"key": "https://www.instagram.com/p/BBiymcNA2Gu/", "caption": "Two simultaneous Clinton ropelines at Manchester Community College ahead of the #nhprimary \nHillary Clinton's final interview before tomorrow's primary airs tonight at 9pmET!", "img_url": "https://instagram.fmaa8-1.fna.fbcdn.net/vp/6a54d5409a31f850b599baf904ec3b89/5E51249E/t51.2885-15/sh0.08/e35/s640x640/12502000_955433047837545_1470442600_n.jpg?_nc_ht=instagram.fmaa8-1.fna.fbcdn.net&_nc_cat=109"}, {"key": "https://www.instagram.com/p/BBa8pRUA2Cq/", "caption": "", "img_url": "https://instagram.fmaa8-1.fna.fbcdn.net/vp/2d4329ce41c2d309de57307cba39bf03/5DBDCE07/t51.2885-15/e15/12568848_721614391307667_549470945_n.jpg?_nc_ht=instagram.fmaa8-1.fna.fbcdn.net&_nc_cat=103"}, {"key": "https://www.instagram.com/p/BBYHP_qA2Aa/", "caption": "Candidates' view at tonight's #DemDebate ...\nPlease speak into the mic.", "img_url": "https://instagram.fmaa8-1.fna.fbcdn.net/vp/0a5884b923b70a56344db9856a6ee937/5E5764F4/t51.2885-15/sh0.08/e35/s640x640/12568279_944074355689634_1518994668_n.jpg?_nc_ht=instagram.fmaa8-1.fna.fbcdn.net&_nc_cat=102"}, {"key": "https://www.instagram.com/p/BBYG0PbA2Pl/", "caption": "", "img_url": "https://instagram.fmaa8-1.fna.fbcdn.net/vp/362d0ddfb49c4796d5799ccc8e9e321f/5DBDA0C9/t51.2885-15/e15/12568870_1048133885258453_1717477191_n.jpg?_nc_ht=instagram.fmaa8-1.fna.fbcdn.net&_nc_cat=105"}, {"key": "https://www.instagram.com/p/BBV57JJg2EA/", "caption": "Ah HA! Now it's looking like something! \nSee you tomorrow at 9pm ET!\n#DemDebate", "img_url": "https://instagram.fmaa8-1.fna.fbcdn.net/vp/790888f52a75dcdbe600716408412bd2/5E462C50/t51.2885-15/sh0.08/e35/s640x640/12523668_571109169713861_817814872_n.jpg?_nc_ht=instagram.fmaa8-1.fna.fbcdn.net&_nc_cat=105"}, {"key": "https://www.instagram.com/p/BBVn2AFg2BJ/", "caption": "View of the set-up for this Thursday's #DemDebate.\nWatch at 9pmET on MSNBC!\n(via @UofNH)", "img_url": "https://instagram.fmaa8-1.fna.fbcdn.net/vp/a8aed9e132f71a4342bc6208e6861609/5E3ED565/t51.2885-15/sh0.08/e35/s640x640/12393724_1015116088549780_1475146598_n.jpg?_nc_ht=instagram.fmaa8-1.fna.fbcdn.net&_nc_cat=104"}, {"key": "https://www.instagram.com/p/BBBLOM-g2Bq/", "caption": "#FlintTownHall\nSetting up from top to bottom in Flint...\nWatch tomorrow, 1/27 at 9pm ET!", "img_url": "https://instagram.fmaa8-1.fna.fbcdn.net/vp/60e8ed0adcb3d4cdf37d3f2278e1da45/5E3EDCE9/t51.2885-15/sh0.08/e35/s640x640/12523551_1677065679239923_770281771_n.jpg?_nc_ht=instagram.fmaa8-1.fna.fbcdn.net&_nc_cat=107"}, {"key": "https://www.instagram.com/p/_aOX_Lg2K8/", "caption": "", "img_url": "https://instagram.fmaa8-1.fna.fbcdn.net/vp/d7667620149bfdd565e7f2ebb6ac1d63/5DBDF383/t51.2885-15/e15/12353894_2191947010946011_1842904046_n.jpg?_nc_ht=instagram.fmaa8-1.fna.fbcdn.net&_nc_cat=107"}, {"key": "https://www.instagram.com/p/-htElFA2M6/", "caption": "#WhyIMThankful", "img_url": "https://instagram.fmaa8-1.fna.fbcdn.net/vp/a544bd00d33c42b5b85803246c3e42a3/5E4217A7/t51.2885-15/e35/12276757_1649259281958326_1600520855_n.jpg?_nc_ht=instagram.fmaa8-1.fna.fbcdn.net&_nc_cat=102"}, {"key": "https://www.instagram.com/p/9PA9FqA2KZ/", "caption": "If you missed it,  see the interview now at Rachel.msnbc.com", "img_url": "https://instagram.fmaa8-1.fna.fbcdn.net/vp/5555acbce25f514554b60825feeb3ab9/5E4A9C18/t51.2885-15/sh0.08/e35/s640x640/12080620_890246681082376_815048518_n.jpg?_nc_ht=instagram.fmaa8-1.fna.fbcdn.net&_nc_cat=104"}, {"key": "https://www.instagram.com/p/7Yn-BhA2GU/", "caption": "7 years!", "img_url": "https://instagram.fmaa8-1.fna.fbcdn.net/vp/178d5488f0b6c9bd06d649401617f561/5E4BE6E1/t51.2885-15/e35/11820647_156311371377005_1105277772_n.jpg?_nc_ht=instagram.fmaa8-1.fna.fbcdn.net&_nc_cat=105"}, {"key": "https://www.instagram.com/p/6oFfk0g2G-/", "caption": "Hmm.... better leave the cocktail shaking to Rachel Maddow for now... (Jimmy Fallon tonight!!)", "img_url": "https://instagram.fmaa8-1.fna.fbcdn.net/vp/2dcd6ba7be3216abfe50489c25e175f8/5E4B104C/t51.2885-15/e35/11906393_105577423130305_127519123_n.jpg?_nc_ht=instagram.fmaa8-1.fna.fbcdn.net&_nc_cat=101"}, {"key": "https://www.instagram.com/p/6lTRIAg2Jc/", "caption": "Guess which producer is working on tonight's A block?", "img_url": "https://instagram.fmaa8-1.fna.fbcdn.net/vp/5e2ea6ea9b7ee2716ec489059ec054cb/5E5F047D/t51.2885-15/sh0.08/e35/s640x640/11373755_482112448631287_751467317_n.jpg?_nc_ht=instagram.fmaa8-1.fna.fbcdn.net&_nc_cat=107"}, {"key": "https://www.instagram.com/p/6V93ngg2MC/", "caption": "", "img_url": "https://instagram.fmaa8-1.fna.fbcdn.net/vp/9e07bfbe3c0a14a75ec8b5a8e6435343/5DBDFDB0/t51.2885-15/e15/11375231_1063090257035807_1503832895_n.jpg?_nc_ht=instagram.fmaa8-1.fna.fbcdn.net&_nc_cat=111"}, {"key": "https://www.instagram.com/p/6TKkoHg2OC/", "caption": "", "img_url": "https://instagram.fmaa8-1.fna.fbcdn.net/vp/5d7432f2727feab3b7390e1999f80ed9/5DBDC44C/t51.2885-15/e15/11887069_1680523058851205_2088506930_n.jpg?_nc_ht=instagram.fmaa8-1.fna.fbcdn.net&_nc_cat=105"}, {"key": "https://www.instagram.com/p/5LVrgJA2HV/", "caption": "", "img_url": "https://instagram.fmaa8-1.fna.fbcdn.net/vp/09879a809b65b5d150f4e2a0c580761d/5DBE09B3/t51.2885-15/e15/11333447_706362872825514_1530929633_n.jpg?_nc_ht=instagram.fmaa8-1.fna.fbcdn.net&_nc_cat=106"}, {"key": "https://www.instagram.com/p/4nnB6lg2GQ/", "caption": "", "img_url": "https://instagram.fmaa8-1.fna.fbcdn.net/vp/0fde2be8fd474d2ca876287017356215/5DBD8043/t51.2885-15/e15/10864868_966927676671909_1440072416_n.jpg?_nc_ht=instagram.fmaa8-1.fna.fbcdn.net&_nc_cat=109"}, {"key": "https://www.instagram.com/p/4nE2zIA2Ow/", "caption": "", "img_url": "https://instagram.fmaa8-1.fna.fbcdn.net/vp/98f8d39f650195b3915c972c5d1cfc41/5DBDB0A8/t51.2885-15/e15/11359003_1611938039086095_116802485_n.jpg?_nc_ht=instagram.fmaa8-1.fna.fbcdn.net&_nc_cat=103"}, {"key": "https://www.instagram.com/p/4Xpet9A2Pr/", "caption": "", "img_url": "https://instagram.fmaa8-1.fna.fbcdn.net/vp/ebc34096a907b09e697358c9a2ff39eb/5E435C7D/t51.2885-15/e15/11325385_729194270523908_823457256_n.jpg?_nc_ht=instagram.fmaa8-1.fna.fbcdn.net&_nc_cat=108"}]