[{"key": "https://www.instagram.com/p/B3-lQISghms/", "caption": "No photo description available.", "img_url": "https://instagram.fmaa8-1.fna.fbcdn.net/vp/4987afcab3bf1d14e7cf5c3fc99d58aa/5E4EA506/t51.2885-15/sh0.08/e35/c0.102.1080.1080a/s640x640/74621026_161299928294191_88213116560834337_n.jpg?_nc_ht=instagram.fmaa8-1.fna.fbcdn.net&_nc_cat=107"}, {"key": "https://www.instagram.com/p/B3vn9q4g7-F/", "caption": "Image may contain: one or more people and text", "img_url": "https://instagram.fmaa8-1.fna.fbcdn.net/vp/4c445b37bec232ed4e1e0d6098137284/5E5667FE/t51.2885-15/sh0.08/e35/c0.128.1072.1072a/s640x640/72393825_2550806151652386_892557869490925120_n.jpg?_nc_ht=instagram.fmaa8-1.fna.fbcdn.net&_nc_cat=106"}, {"key": "https://www.instagram.com/p/B3Zj3DHA4GT/", "caption": "Image may contain: one or more people", "img_url": "https://instagram.fmaa8-1.fna.fbcdn.net/vp/7591ad243b62186ac9c4ecd1eb1f3e98/5E513955/t51.2885-15/sh0.08/e35/s640x640/71547690_365818547630222_4935772617120952439_n.jpg?_nc_ht=instagram.fmaa8-1.fna.fbcdn.net&_nc_cat=102"}, {"key": "https://www.instagram.com/p/B3XmPQjgRuc/", "caption": "Image may contain: text", "img_url": "https://instagram.fmaa8-1.fna.fbcdn.net/vp/dede940717a64cd6100146953cae828c/5E4E0356/t51.2885-15/sh0.08/e35/c127.0.821.821a/s640x640/72279907_2150399711931975_3981043287198467371_n.jpg?_nc_ht=instagram.fmaa8-1.fna.fbcdn.net&_nc_cat=103"}, {"key": "https://www.instagram.com/p/B2w4KRNgDin/", "caption": "", "img_url": "https://instagram.fmaa8-1.fna.fbcdn.net/vp/457cec44a7b34ba95741b8f301de4993/5DBF0756/t51.2885-15/sh0.08/e35/s640x640/71781517_949956478682821_1252721685186428227_n.jpg?_nc_ht=instagram.fmaa8-1.fna.fbcdn.net&_nc_cat=101"}, {"key": "https://www.instagram.com/p/B2j6k1iAXYo/", "caption": "", "img_url": "https://instagram.fmaa8-1.fna.fbcdn.net/vp/e222219ce5b8145c651995b7d25090d3/5DBF8EF7/t51.2885-15/sh0.08/e35/s640x640/70306013_247601536208427_6368317538799417759_n.jpg?_nc_ht=instagram.fmaa8-1.fna.fbcdn.net&_nc_cat=103"}, {"key": "https://www.instagram.com/p/B2hdDKCA2Iw/", "caption": "Image may contain: one or more people and text", "img_url": "https://instagram.fmaa8-1.fna.fbcdn.net/vp/f4ea8de03be9bd151f33c34a981abfb4/5E4BA76A/t51.2885-15/sh0.08/e35/c0.115.1080.1080a/s640x640/70040756_179642379870398_2998417215442364390_n.jpg?_nc_ht=instagram.fmaa8-1.fna.fbcdn.net&_nc_cat=102"}, {"key": "https://www.instagram.com/p/B2fWUBeAauq/", "caption": "", "img_url": "https://instagram.fmaa8-1.fna.fbcdn.net/vp/1f725c57f3adb7f0762495da277d2185/5DBEF95F/t51.2885-15/sh0.08/e35/s640x640/71225259_523962771767068_2534778118986451164_n.jpg?_nc_ht=instagram.fmaa8-1.fna.fbcdn.net&_nc_cat=104"}, {"key": "https://www.instagram.com/p/B2euv-KAnKK/", "caption": "Image may contain: text", "img_url": "https://instagram.fmaa8-1.fna.fbcdn.net/vp/03549e6deaf563965684d62bd69811d9/5E577F0F/t51.2885-15/sh0.08/e35/c0.132.1080.1080a/s640x640/70437116_155438342325772_6985654675119333459_n.jpg?_nc_ht=instagram.fmaa8-1.fna.fbcdn.net&_nc_cat=104"}, {"key": "https://www.instagram.com/p/B2WzllCAjvQ/", "caption": "No photo description available.", "img_url": "https://instagram.fmaa8-1.fna.fbcdn.net/vp/51ba5b4fe2b7f8b8160b9547de684de7/5E40EFFA/t51.2885-15/sh0.08/e35/c0.2.1080.1080a/s640x640/69217806_152227092538758_2434586906405159043_n.jpg?_nc_ht=instagram.fmaa8-1.fna.fbcdn.net&_nc_cat=106"}, {"key": "https://www.instagram.com/p/B2R9h_SgbPV/", "caption": "", "img_url": "https://instagram.fmaa8-1.fna.fbcdn.net/vp/603ffe10b028d7c74d322d87cbad5a79/5DBF9043/t51.2885-15/sh0.08/e35/s640x640/68949290_384776135540296_4829051955258367204_n.jpg?_nc_ht=instagram.fmaa8-1.fna.fbcdn.net&_nc_cat=104"}, {"key": "https://www.instagram.com/p/B2RcCX_nkfe/", "caption": "No photo description available.", "img_url": "https://instagram.fmaa8-1.fna.fbcdn.net/vp/5338a2fee589300cff12051e91d3d246/5E4E053B/t51.2885-15/e15/c23.0.1034.1034a/s640x640/69513446_151507665956433_8242618663873314674_n.jpg?_nc_ht=instagram.fmaa8-1.fna.fbcdn.net&_nc_cat=109"}, {"key": "https://www.instagram.com/p/B2NCHC-get9/", "caption": "", "img_url": "https://instagram.fmaa8-1.fna.fbcdn.net/vp/ce97f5ae9306c9cfdf243820a28f0c62/5DBF90D7/t51.2885-15/sh0.08/e35/s640x640/69580935_368150190742190_8593552430543910094_n.jpg?_nc_ht=instagram.fmaa8-1.fna.fbcdn.net&_nc_cat=102"}, {"key": "https://www.instagram.com/p/B2A3h8nAzDA/", "caption": "", "img_url": "https://instagram.fmaa8-1.fna.fbcdn.net/vp/921d18b30fce99fbb9d25c6a75a3c7a1/5DBFE092/t51.2885-15/sh0.08/e35/s640x640/70806987_113776796438520_7033830441730864733_n.jpg?_nc_ht=instagram.fmaa8-1.fna.fbcdn.net&_nc_cat=100"}, {"key": "https://www.instagram.com/p/B2AyZwwgAKr/", "caption": "Whoever did this, is hilarious. 👆🏼Tap Link in bio to read more 👆🏼\n.\n.\n.\n.\n.\n#trump #jeffreyepstein #meme #politicalmemes #funnymemes", "img_url": "https://instagram.fmaa8-1.fna.fbcdn.net/vp/b5689d5fcee0f29a9015bc863d3284e7/5E52CBAE/t51.2885-15/sh0.08/e35/c3.0.714.714a/s640x640/67693613_227605078204649_3501226636883954167_n.jpg?_nc_ht=instagram.fmaa8-1.fna.fbcdn.net&_nc_cat=105"}, {"key": "https://www.instagram.com/p/B2AFqOsg5bt/", "caption": "Like anyone needed anymore hysteria about this catastrophic hurricane! 👆🏼Tap Link in bio to read more 👆🏼\n.\n.\n.\n.\n#trump #hurricanedorian #hurricane #noaa #weather #science #florida #alabama #lockhimup", "img_url": "https://instagram.fmaa8-1.fna.fbcdn.net/vp/4cf9867a8e86e8ebca1dd935208d46c7/5E591513/t51.2885-15/sh0.08/e35/c0.120.1080.1080a/s640x640/69876753_366152027671680_1294014603157567770_n.jpg?_nc_ht=instagram.fmaa8-1.fna.fbcdn.net&_nc_cat=100"}, {"key": "https://www.instagram.com/p/B1-KJdagYOE/", "caption": "", "img_url": "https://instagram.fmaa8-1.fna.fbcdn.net/vp/1c4554d0b628ba02b3be6988f15d8573/5DBF32CE/t51.2885-15/sh0.08/e35/s640x640/67762739_1364879457001847_5873448759101764080_n.jpg?_nc_ht=instagram.fmaa8-1.fna.fbcdn.net&_nc_cat=111"}, {"key": "https://www.instagram.com/p/B17RHYnApgo/", "caption": "OMG, who did this??? 🙊\n.\n.\n.\n.\n#trump #donaldtrump #putin #puppet", "img_url": "https://instagram.fmaa8-1.fna.fbcdn.net/vp/94c32fde50eaaf4259510b1d776391d2/5E638AFC/t51.2885-15/sh0.08/e35/c0.11.682.682a/s640x640/70067146_104640627488823_5762261744849071508_n.jpg?_nc_ht=instagram.fmaa8-1.fna.fbcdn.net&_nc_cat=103"}, {"key": "https://www.instagram.com/p/B14oDa1A8R_/", "caption": "", "img_url": "https://instagram.fmaa8-1.fna.fbcdn.net/vp/b707e521983d2e5a15184d6bc0024ddb/5DBF6CA2/t51.2885-15/sh0.08/e35/s640x640/67406702_2317510068362669_8294670981310591079_n.jpg?_nc_ht=instagram.fmaa8-1.fna.fbcdn.net&_nc_cat=105"}, {"key": "https://www.instagram.com/p/B1uW-K2gOb-/", "caption": "", "img_url": "https://instagram.fmaa8-1.fna.fbcdn.net/vp/b6bc04182034f36e18863dc2c4fc3af6/5DBF8029/t51.2885-15/sh0.08/e35/s640x640/69843581_2165964776846849_709499465199207969_n.jpg?_nc_ht=instagram.fmaa8-1.fna.fbcdn.net&_nc_cat=105"}, {"key": "https://www.instagram.com/p/B1rwSKoAL-T/", "caption": "", "img_url": "https://instagram.fmaa8-1.fna.fbcdn.net/vp/b2cd5d7b2aa3f67f08e17560f0171885/5DBF2C13/t51.2885-15/sh0.08/e35/s640x640/67322073_677924312681879_6398866368886822930_n.jpg?_nc_ht=instagram.fmaa8-1.fna.fbcdn.net&_nc_cat=111"}, {"key": "https://www.instagram.com/p/B1pqXb2gxHq/", "caption": "", "img_url": "https://instagram.fmaa8-1.fna.fbcdn.net/vp/27c2b31d266d2240e0265a4ecb82f029/5DBF7DAF/t51.2885-15/sh0.08/e35/s640x640/67296660_384070148957480_7672906307762292883_n.jpg?_nc_ht=instagram.fmaa8-1.fna.fbcdn.net&_nc_cat=108"}, {"key": "https://www.instagram.com/p/B1oGNIngEfw/", "caption": "Thoughts on this @startribune cartoon? Seems accurate....\n.\n.\n.\n.\n.\n#donaldtrump #trump #cartoon #politicalmemes #politicalcartoons #recession", "img_url": "https://instagram.fmaa8-1.fna.fbcdn.net/vp/eb9b159db98c76be17febea72f31d2a7/5E5BACE9/t51.2885-15/e35/c68.0.463.463a/69660107_2562283534058393_6242593301348619895_n.jpg?_nc_ht=instagram.fmaa8-1.fna.fbcdn.net&_nc_cat=105"}, {"key": "https://www.instagram.com/p/B1msDE2AkhA/", "caption": "", "img_url": "https://instagram.fmaa8-1.fna.fbcdn.net/vp/7de0a42ac758df173e1d396d47530e1d/5DBF9A7E/t51.2885-15/sh0.08/e35/s640x640/67450933_419807288884858_66859566506432141_n.jpg?_nc_ht=instagram.fmaa8-1.fna.fbcdn.net&_nc_cat=110"}, {"key": "https://www.instagram.com/p/B1hJJyQFzO0/", "caption": "Stay strong, Justice Ginsburg! ⁠\n.⁠\n.⁠\n.⁠\n.⁠\n#beatcancer #cancer #ginsburg #RBG #staystrong #scotus", "img_url": "https://instagram.fmaa8-1.fna.fbcdn.net/vp/c5371414e7534649e7473dd6c41182ea/5E4383F4/t51.2885-15/sh0.08/e35/c0.12.1080.1080a/s640x640/67416699_513520582786742_4740065632509936714_n.jpg?_nc_ht=instagram.fmaa8-1.fna.fbcdn.net&_nc_cat=102"}, {"key": "https://www.instagram.com/p/B1eunWNAc3m/", "caption": "", "img_url": "https://instagram.fmaa8-1.fna.fbcdn.net/vp/e35c934f43541855f4f5cb645b4280fb/5DC01024/t51.2885-15/sh0.08/e35/s640x640/69535309_1056399187889840_1951326892162262767_n.jpg?_nc_ht=instagram.fmaa8-1.fna.fbcdn.net&_nc_cat=108"}, {"key": "https://www.instagram.com/p/B1b_iZjg8Mp/", "caption": "", "img_url": "https://instagram.fmaa8-1.fna.fbcdn.net/vp/2a382ca1ecc1b3f73f175f2f8a6079ef/5DBF7C4E/t51.2885-15/sh0.08/e35/s640x640/67767665_924101504625292_4803316917978439177_n.jpg?_nc_ht=instagram.fmaa8-1.fna.fbcdn.net&_nc_cat=104"}, {"key": "https://www.instagram.com/p/B1ZubzcAa1q/", "caption": "", "img_url": "https://instagram.fmaa8-1.fna.fbcdn.net/vp/d7d74d8a384eac93c8ed77e79bac9e9b/5DBF9511/t51.2885-15/sh0.08/e35/s640x640/68954286_159944191820157_690814624810217161_n.jpg?_nc_ht=instagram.fmaa8-1.fna.fbcdn.net&_nc_cat=109"}, {"key": "https://www.instagram.com/p/B1US6QNATr3/", "caption": "", "img_url": "https://instagram.fmaa8-1.fna.fbcdn.net/vp/7ab089175dd74349dd52b183ba33057b/5DBF7805/t51.2885-15/sh0.08/e35/s640x640/67066290_409141293040929_4991576241954844197_n.jpg?_nc_ht=instagram.fmaa8-1.fna.fbcdn.net&_nc_cat=109"}, {"key": "https://www.instagram.com/p/B1TwOLug8L3/", "caption": "Thoughts on this cartoon by #morintoons ?", "img_url": "https://instagram.fmaa8-1.fna.fbcdn.net/vp/1e9a8a9b9c1ed15b925aa687f58faf8c/5E64F409/t51.2885-15/sh0.08/e35/c135.0.810.810a/s640x640/66816549_187850745550031_6443128614781695088_n.jpg?_nc_ht=instagram.fmaa8-1.fna.fbcdn.net&_nc_cat=111"}, {"key": "https://www.instagram.com/p/B1M9i_6gkHA/", "caption": "", "img_url": "https://instagram.fmaa8-1.fna.fbcdn.net/vp/a4cc345a394a6c4dfa9b47416e033338/5DBF1434/t51.2885-15/sh0.08/e35/s640x640/67412315_763785054052807_3055402740850135986_n.jpg?_nc_ht=instagram.fmaa8-1.fna.fbcdn.net&_nc_cat=107"}, {"key": "https://www.instagram.com/p/B1KD6sAAQRS/", "caption": "", "img_url": "https://instagram.fmaa8-1.fna.fbcdn.net/vp/11b302a98e6ffe3a53bfe8dbde324c3b/5DC00EA2/t51.2885-15/sh0.08/e35/s640x640/66690575_783765442028995_7350175209462149275_n.jpg?_nc_ht=instagram.fmaa8-1.fna.fbcdn.net&_nc_cat=107"}, {"key": "https://www.instagram.com/p/B1HaJhEA9q0/", "caption": "", "img_url": "https://instagram.fmaa8-1.fna.fbcdn.net/vp/eb1a1a3a57d5c318818465ca6c9128e6/5DBEFBE7/t51.2885-15/sh0.08/e35/s640x640/67559148_2304666006318637_2920931014361679593_n.jpg?_nc_ht=instagram.fmaa8-1.fna.fbcdn.net&_nc_cat=101"}, {"key": "https://www.instagram.com/p/B1EW9a8gpGH/", "caption": "Supporters of @realdonaldtrump who live in the wealthy Hamptons in New York bitterly complained to the @nypost over the weekend that they can’t openly declare their allegiance to the president over fears of reprisals and boycotts to their businesses. 👆🏻 Tap link in bio to read more 👆🏻⁠\n.⁠\n.⁠\n.⁠\n.⁠\n.⁠\n#trump #Hamptons #politics #politicalnews", "img_url": "https://instagram.fmaa8-1.fna.fbcdn.net/vp/8d63c96f106806bfe9e8fd0d6f979c91/5E5F4C45/t51.2885-15/e15/c37.0.646.646a/s640x640/67086094_561224204700927_963249669342726460_n.jpg?_nc_ht=instagram.fmaa8-1.fna.fbcdn.net&_nc_cat=103"}, {"key": "https://www.instagram.com/p/B06_DKaA_s0/", "caption": "", "img_url": "https://instagram.fmaa8-1.fna.fbcdn.net/vp/db7b77eeb82cabc8da6006d60f12bf14/5DBF844F/t51.2885-15/sh0.08/e35/s640x640/66276028_469697277154375_484406647241759707_n.jpg?_nc_ht=instagram.fmaa8-1.fna.fbcdn.net&_nc_cat=107"}, {"key": "https://www.instagram.com/p/B04qb5qgwxk/", "caption": "", "img_url": "https://instagram.fmaa8-1.fna.fbcdn.net/vp/2798c58852de00d1971f009c764cac47/5DBF28EA/t51.2885-15/sh0.08/e35/s640x640/67586049_2387510081575362_1479812778058139967_n.jpg?_nc_ht=instagram.fmaa8-1.fna.fbcdn.net&_nc_cat=106"}, {"key": "https://www.instagram.com/p/B01j7RDgUFH/", "caption": "", "img_url": "https://instagram.fmaa8-1.fna.fbcdn.net/vp/e26590c9f58d81077a73e2726c299369/5DBF2AB6/t51.2885-15/sh0.08/e35/s640x640/67535029_135064627715017_1946536537899207034_n.jpg?_nc_ht=instagram.fmaa8-1.fna.fbcdn.net&_nc_cat=101"}, {"key": "https://www.instagram.com/p/B0ytj20gU0y/", "caption": "", "img_url": "https://instagram.fmaa8-1.fna.fbcdn.net/vp/2e85b6f11c42b9819b01e934bbf0f6fb/5DC01194/t51.2885-15/sh0.08/e35/s640x640/66277563_153110569169306_7221562620046243872_n.jpg?_nc_ht=instagram.fmaa8-1.fna.fbcdn.net&_nc_cat=102"}, {"key": "https://www.instagram.com/p/B0o77aOg_6I/", "caption": "", "img_url": "https://instagram.fmaa8-1.fna.fbcdn.net/vp/0b2583197126b25a723d1b6145716dc2/5DBEF6F8/t51.2885-15/sh0.08/e35/s640x640/67286120_1162590447258215_61237083118770882_n.jpg?_nc_ht=instagram.fmaa8-1.fna.fbcdn.net&_nc_cat=111"}, {"key": "https://www.instagram.com/p/B0mNyTTAG4u/", "caption": "", "img_url": "https://instagram.fmaa8-1.fna.fbcdn.net/vp/948dd65135fcc5ce748ee98720a294a1/5DBFF783/t51.2885-15/sh0.08/e35/s640x640/62634299_152412959274709_3619741203236347893_n.jpg?_nc_ht=instagram.fmaa8-1.fna.fbcdn.net&_nc_cat=101"}, {"key": "https://www.instagram.com/p/B0juwTIgebo/", "caption": "", "img_url": "https://instagram.fmaa8-1.fna.fbcdn.net/vp/237e28360327dedba5f50eedb527efa7/5DBF0875/t51.2885-15/sh0.08/e35/s640x640/65804600_331252091095497_3358616227845400535_n.jpg?_nc_ht=instagram.fmaa8-1.fna.fbcdn.net&_nc_cat=109"}, {"key": "https://www.instagram.com/p/B0g0Ud3ANbe/", "caption": "", "img_url": "https://instagram.fmaa8-1.fna.fbcdn.net/vp/dfea62812239af532d134ab3d91a39a8/5DBF2E64/t51.2885-15/sh0.08/e35/s640x640/67193911_189994375332625_2648939678041526790_n.jpg?_nc_ht=instagram.fmaa8-1.fna.fbcdn.net&_nc_cat=101"}, {"key": "https://www.instagram.com/p/B0eShijgRrS/", "caption": "", "img_url": "https://instagram.fmaa8-1.fna.fbcdn.net/vp/476586fa9f71fb41b22ba73e11a7ac8b/5DBF0B36/t51.2885-15/sh0.08/e35/s640x640/66418904_2539230026304591_8366422073438781542_n.jpg?_nc_ht=instagram.fmaa8-1.fna.fbcdn.net&_nc_cat=103"}, {"key": "https://www.instagram.com/p/B0WXgdWg8vX/", "caption": "", "img_url": "https://instagram.fmaa8-1.fna.fbcdn.net/vp/4b2a8bbdc2f9817c561646cd23220788/5DBEFDD8/t51.2885-15/sh0.08/e35/s640x640/66022075_507532283329265_3305617740470659576_n.jpg?_nc_ht=instagram.fmaa8-1.fna.fbcdn.net&_nc_cat=105"}, {"key": "https://www.instagram.com/p/B0Th8isAm9b/", "caption": "", "img_url": "https://instagram.fmaa8-1.fna.fbcdn.net/vp/a415270f1b1a590260f48909890524a8/5DC001D7/t51.2885-15/sh0.08/e35/c0.200.720.720a/s640x640/66030455_2667427763269379_3963297290481792723_n.jpg?_nc_ht=instagram.fmaa8-1.fna.fbcdn.net&_nc_cat=111"}, {"key": "https://www.instagram.com/p/B0RbpgZASBo/", "caption": "", "img_url": "https://instagram.fmaa8-1.fna.fbcdn.net/vp/9403262a86fcff848c1c2b5fa73a3afe/5DBF7F69/t51.2885-15/sh0.08/e35/s640x640/66650172_145983049837642_3544729736310423041_n.jpg?_nc_ht=instagram.fmaa8-1.fna.fbcdn.net&_nc_cat=110"}, {"key": "https://www.instagram.com/p/B0MLEgBgA-W/", "caption": "", "img_url": "https://instagram.fmaa8-1.fna.fbcdn.net/vp/719f2167e4384f879e7eda4ee3aa3e09/5DBF187D/t51.2885-15/sh0.08/e35/s640x640/65645701_427111811217175_2732347819079154005_n.jpg?_nc_ht=instagram.fmaa8-1.fna.fbcdn.net&_nc_cat=107"}, {"key": "https://www.instagram.com/p/B0GmtvtHmpu/", "caption": "Fox News’ Geraldo Rivera on Friday schooled @foxandfriends host @petehegseth when he tried to claim that @realdonaldtrump racist tweets telling four Democratic women of color to “go back” to their countries weren’t racist. 👆🏻Tap link in bio to read and watch more 👆🏻⁠\n.⁠\n.⁠\n.⁠\n.⁠\n.⁠\n#foxandfriends #fox #foxnews #politics #racist #gobackhome", "img_url": "https://instagram.fmaa8-1.fna.fbcdn.net/vp/e96e664a10304cee55f66c70d0f5af1c/5E405E42/t51.2885-15/e15/c37.0.646.646a/s640x640/66378437_1086922888163121_6169909982703242047_n.jpg?_nc_ht=instagram.fmaa8-1.fna.fbcdn.net&_nc_cat=109"}, {"key": "https://www.instagram.com/p/B0EzaDzAQLE/", "caption": "", "img_url": "https://instagram.fmaa8-1.fna.fbcdn.net/vp/9de020eaee1f60957928403d704ddb83/5DBFEF66/t51.2885-15/sh0.08/e35/s640x640/66098265_1982358145202511_4624678429795703270_n.jpg?_nc_ht=instagram.fmaa8-1.fna.fbcdn.net&_nc_cat=103"}, {"key": "https://www.instagram.com/p/B0BxSmJnTta/", "caption": "⁠\nOn Wednesday, @erictrump confidently told the hosts of @foxandfriends that the American people are overwhelmingly on his father’s side — in fact, to the tune of 95 percent of them! 😂 👆🏻 Tap link in bio to read and watch more! 👆🏻⁠\n.⁠\n.⁠\n.⁠\n.⁠\n.⁠\n#politics #news #breakingnews #foxnews #foxandfriends #erictrump #trump #donaldtrump⁠", "img_url": "https://instagram.fmaa8-1.fna.fbcdn.net/vp/afe1d15598cc8aa63f920d7990f8c564/5E432E62/t51.2885-15/e15/c60.0.600.600a/66272851_398628544332606_1742273936339337919_n.jpg?_nc_ht=instagram.fmaa8-1.fna.fbcdn.net&_nc_cat=106"}, {"key": "https://www.instagram.com/p/Bz_xq8NH9Uh/", "caption": "", "img_url": "https://instagram.fmaa8-1.fna.fbcdn.net/vp/94a68ccfb35b9d2729dc4e9df99e5006/5DC00F3D/t51.2885-15/sh0.08/e35/s640x640/65895126_471948963590472_6668327006037064315_n.jpg?_nc_ht=instagram.fmaa8-1.fna.fbcdn.net&_nc_cat=100"}, {"key": "https://www.instagram.com/p/Bz_bvThHzZA/", "caption": "Another piece from the creative @kevin.siers .\n.\n.\n.\n#trump #trumpcartoon #gop #kevinsiers #charlotteobserver", "img_url": "https://instagram.fmaa8-1.fna.fbcdn.net/vp/eabd8924d65d2e1958db99ab6cfd9778/5E468565/t51.2885-15/sh0.08/e35/c135.0.810.810a/s640x640/67086310_2079599395668193_5762310405922236196_n.jpg?_nc_ht=instagram.fmaa8-1.fna.fbcdn.net&_nc_cat=101"}, {"key": "https://www.instagram.com/p/Bz8owy2A4AN/", "caption": "On Monday, @realdonaldtrump doubled down on racist comments deriding @repilhan (D-MN) and New York Rep. @ocasio2018 (D-NY). 👆🏻 Tap link in bio to read more 👆🏻⁠\n.⁠\n.⁠\n.⁠\n.⁠\n#Trump #Politics #ProgressiveNews #PoliticalNews #ilhanomar #nancypelosi #alexandraocasiocortez #aoc #BreakingNews #News #Breaking", "img_url": "https://instagram.fmaa8-1.fna.fbcdn.net/vp/a66071e5cf8a01e214e96ceb10ac49d9/5E3FF041/t51.2885-15/e15/c44.0.632.632a/66719978_151010906075418_2789644592168550463_n.jpg?_nc_ht=instagram.fmaa8-1.fna.fbcdn.net&_nc_cat=106"}, {"key": "https://www.instagram.com/p/Bz6n5xCgLvr/", "caption": "", "img_url": "https://instagram.fmaa8-1.fna.fbcdn.net/vp/a11ac8d360e9ec06fff6e9119b9426a3/5DBF9112/t51.2885-15/sh0.08/e35/s640x640/65860114_444126099760060_2549120703687837829_n.jpg?_nc_ht=instagram.fmaa8-1.fna.fbcdn.net&_nc_cat=104"}, {"key": "https://www.instagram.com/p/BzykSLCBhME/", "caption": "", "img_url": "https://instagram.fmaa8-1.fna.fbcdn.net/vp/de084bb79b5f366a30d35072efe63d83/5DBF8276/t51.2885-15/sh0.08/e35/s640x640/66647571_388942795086146_2761863792574156509_n.jpg?_nc_ht=instagram.fmaa8-1.fna.fbcdn.net&_nc_cat=102"}, {"key": "https://www.instagram.com/p/Bzt6oLwBpdf/", "caption": "", "img_url": "https://instagram.fmaa8-1.fna.fbcdn.net/vp/9d2adde70935b1790eb52cb8c877fe2b/5DBF0739/t51.2885-15/sh0.08/e35/s640x640/65691120_434016734104813_7953777241986182354_n.jpg?_nc_ht=instagram.fmaa8-1.fna.fbcdn.net&_nc_cat=101"}, {"key": "https://www.instagram.com/p/BztRUvKAOx9/", "caption": "Home Depot is facing calls for a boycott after the billionaire founder of home improvement behemoth lavished praise on @realdonaldtrump and revealed the extent of support he has given — and is willing to give — to the @gop . 👆🏻 Tap Link in Bio to Read more! 👆🏻⁠\n⁠\n#BoycottHomeDepot #HomeDepot #Boycott #Trump #Politics #PoliticalNews #GOP", "img_url": "https://instagram.fmaa8-1.fna.fbcdn.net/vp/5ed74415e1e4d773e05dc3fc26cddea0/5E55C0D8/t51.2885-15/e15/c132.0.455.455a/65690566_154276002295341_9200575133249296481_n.jpg?_nc_ht=instagram.fmaa8-1.fna.fbcdn.net&_nc_cat=109"}, {"key": "https://www.instagram.com/p/BzqVMOCnOay/", "caption": "The Trump Administration has changed its story on the Census citizenship question 10 times in just 4 months. 👆🏻Tap link in bio to read more! 👆🏻⁠\n.⁠\n.⁠\n.⁠\n.⁠\n#Trump #Census #Politics #PoliticalNews #Flipflop #Liberal", "img_url": "https://instagram.fmaa8-1.fna.fbcdn.net/vp/36372cc2a3a0110a63a4278ea092d4c6/5E3F6EE9/t51.2885-15/e15/c40.0.640.640a/66470935_141881590337481_8814832535450435665_n.jpg?_nc_ht=instagram.fmaa8-1.fna.fbcdn.net&_nc_cat=109"}, {"key": "https://www.instagram.com/p/Bzi6AswBu0o/", "caption": "Cartoon for @thechronicleherald by Michael de Adder. #trump #trumpputin #putin #summit #adder #deaddercartoon", "img_url": "https://instagram.fmaa8-1.fna.fbcdn.net/vp/9686ab41f0fa32eaed8654bc6f4ca88c/5E478870/t51.2885-15/sh0.08/e35/c55.0.850.850a/s640x640/65393812_333807427539891_4784692660855409015_n.jpg?_nc_ht=instagram.fmaa8-1.fna.fbcdn.net&_nc_cat=103"}, {"key": "https://www.instagram.com/p/Bzbe7ixhjSj/", "caption": "", "img_url": "https://instagram.fmaa8-1.fna.fbcdn.net/vp/5832adc4406202cb045e54f2ed13b9ad/5DBFFB4A/t51.2885-15/sh0.08/e35/s640x640/64944710_351306822225258_8603500015755450739_n.jpg?_nc_ht=instagram.fmaa8-1.fna.fbcdn.net&_nc_cat=106"}, {"key": "https://www.instagram.com/p/Bza0mIiDRKD/", "caption": "According to a report from @yahoo Lifestyle, a black woman flying from  Las Vegas to Chicago was forced to beg fellow passengers on the @spiritairlines flight to switch seats with her after a white woman protested having to sit next to her. 👆🏻 Tap link in bio to read more! 👆🏻⁠\n.⁠\n.⁠\n.⁠\n.⁠\n#travel #spirit #spiritairline #lasvegas #chicago #racist #onelove #yahoo #yahoolifestyle", "img_url": "https://instagram.fmaa8-1.fna.fbcdn.net/vp/d93f4c0c858ad3d313b4c373f8a85d9a/5E62254A/t51.2885-15/e15/c37.0.645.645a/s640x640/65140775_2327353580851921_4858739084357459782_n.jpg?_nc_ht=instagram.fmaa8-1.fna.fbcdn.net&_nc_cat=101"}, {"key": "https://www.instagram.com/p/BzYaGokAaIf/", "caption": "@realdonaldtrump signaled possible new findings might be coming from investigators in New York state in a Monday afternoon Twitter rant. 👆🏻Tap link in bio to read more 👆🏻⁠\n.⁠\n.⁠\n.⁠\n.⁠\n#politics #trump #twitterrant #twitter", "img_url": "https://instagram.fmaa8-1.fna.fbcdn.net/vp/1557fe772e445eaf3e2e2fdcf36d7a37/5E56FBCC/t51.2885-15/e15/c42.0.635.635a/64996043_573488590141576_4539644239501710689_n.jpg?_nc_ht=instagram.fmaa8-1.fna.fbcdn.net&_nc_cat=104"}, {"key": "https://www.instagram.com/p/BzVvFvOFGMi/", "caption": "@foxnews host Chris Wallace accused White House economic adviser Larry Kudlow of making a campaign speech during a recent interview. 👆🏻Tap link in bio to read more 👆🏻\n.\n.\n.\n.\n#politics #liberal #journalism #foxnews #fox #RawStory", "img_url": "https://instagram.fmaa8-1.fna.fbcdn.net/vp/ed587712a34c1262975a418fc45718c3/5E4239CE/t51.2885-15/sh0.08/e35/c0.106.1080.1080a/s640x640/64529898_240302103592832_5342187849352036190_n.jpg?_nc_ht=instagram.fmaa8-1.fna.fbcdn.net&_nc_cat=108"}, {"key": "https://www.instagram.com/p/BzPSp1zBkFy/", "caption": "Sen. Kamala Harris (D-CA) exchanged jabs with former Vice President Joe Biden after she accused him of of joining with segregationists to oppose bussing for students at the second Democratic presidential debate. 👆🏻Tap link in bio to read more 👆🏻\n.\n.\n.\n#kamalaharris #democraticdebate #politics", "img_url": "https://instagram.fmaa8-1.fna.fbcdn.net/vp/8c004ab21b9d28b27fb6582ac419ed5a/5E5D45C9/t51.2885-15/e35/64265028_101074871165878_1849255155120162282_n.jpg?_nc_ht=instagram.fmaa8-1.fna.fbcdn.net&_nc_cat=110"}, {"key": "https://www.instagram.com/p/BzOjLgxBlYU/", "caption": "", "img_url": "https://instagram.fmaa8-1.fna.fbcdn.net/vp/308022f4e70666becf925111ca392318/5DBF195A/t51.2885-15/sh0.08/e35/s640x640/64279796_2371202846445690_3965909359631269165_n.jpg?_nc_ht=instagram.fmaa8-1.fna.fbcdn.net&_nc_cat=106"}, {"key": "https://www.instagram.com/p/BzL18ryhR-6/", "caption": "", "img_url": "https://instagram.fmaa8-1.fna.fbcdn.net/vp/35c3b481ead6786f3e94e5ba46357701/5DBF82BA/t51.2885-15/sh0.08/e35/s640x640/64700788_408886859715271_6455446457000232663_n.jpg?_nc_ht=instagram.fmaa8-1.fna.fbcdn.net&_nc_cat=107"}, {"key": "https://www.instagram.com/p/BzLQ0ArhKb9/", "caption": "Check out our new merchandise and support progressive journalism! Here's just a few designs... 👆🏻Tap link in bio to shop now! 👆🏻", "img_url": "https://instagram.fmaa8-1.fna.fbcdn.net/vp/c837d552e92cba7dae694c5b4999ce2e/5E3FF277/t51.2885-15/sh0.08/e35/s640x640/64260348_475900769836151_5056918210826582872_n.jpg?_nc_ht=instagram.fmaa8-1.fna.fbcdn.net&_nc_cat=111"}, {"key": "https://www.instagram.com/p/BzI1JgRBGaJ/", "caption": "", "img_url": "https://instagram.fmaa8-1.fna.fbcdn.net/vp/2fdede221d54add09b5bc2aa07e089a7/5DBF1A87/t51.2885-15/sh0.08/e35/s640x640/62469034_596290364112475_7530041340378325592_n.jpg?_nc_ht=instagram.fmaa8-1.fna.fbcdn.net&_nc_cat=107"}, {"key": "https://www.instagram.com/p/BzGooLYhmRH/", "caption": "", "img_url": "https://instagram.fmaa8-1.fna.fbcdn.net/vp/162e257370e1bff0c83e55bf7981460c/5DBF23AE/t51.2885-15/sh0.08/e35/s640x640/65132141_2453107834710635_6181415620991796370_n.jpg?_nc_ht=instagram.fmaa8-1.fna.fbcdn.net&_nc_cat=111"}, {"key": "https://www.instagram.com/p/BzGJ1abHT3c/", "caption": "A Wisconsin voter who backed President Donald Trump in 2016 told CNN on Monday that there is no way that he’s making the same mistake next year. 👆🏻 Tap link in bio to read more! 👆🏻", "img_url": "https://instagram.fmaa8-1.fna.fbcdn.net/vp/7bdae960e2306172dbd912726f1ec23e/5E6141A2/t51.2885-15/e15/c55.0.610.610a/65047790_152131909251245_3468017028089144306_n.jpg?_nc_ht=instagram.fmaa8-1.fna.fbcdn.net&_nc_cat=105"}, {"key": "https://www.instagram.com/p/By-o66mFlDz/", "caption": "﻿\nMaking a guest appearance on Friday afternoon for his perspective on the almost-attack on Iran, @foxnews host Chris Wallace questioned @realdonaldtrump 's claim that he called off the military assault just minutes before it was slated to happen because he only then was informed about possible casualties. 👆🏻👆🏻 Tap link in bio to read more! 👆🏻👆🏻", "img_url": "https://instagram.fmaa8-1.fna.fbcdn.net/vp/aee46c435d21786098e1d714f56662ad/5E51C68A/t51.2885-15/e15/c87.0.545.545a/64216320_125118178709575_5546926385651555616_n.jpg?_nc_ht=instagram.fmaa8-1.fna.fbcdn.net&_nc_cat=107"}, {"key": "https://www.instagram.com/p/By57LsuHdKQ/", "caption": "@msnbc 's @joescarborough  busted @realdonaldtrump for planting the same black supporter behind him at multiple rallies — including his 2020 campaign kickoff in Orlando. 👆🏻 Tap link in bio to read more! 👆🏻 #trump #politics", "img_url": "https://instagram.fmaa8-1.fna.fbcdn.net/vp/90b93a8b4d1effa77aa23fd33acc87f2/5E64499B/t51.2885-15/e15/c65.0.590.590a/61106499_314460412831715_3000544756006028170_n.jpg?_nc_ht=instagram.fmaa8-1.fna.fbcdn.net&_nc_cat=111"}, {"key": "https://www.instagram.com/p/By3WA0bh8SG/", "caption": "", "img_url": "https://instagram.fmaa8-1.fna.fbcdn.net/vp/6cef3a29d0ceb491eec1da54e3b6a375/5DBEFA71/t51.2885-15/sh0.08/e35/s640x640/62432933_449974422462068_6889571551338834422_n.jpg?_nc_ht=instagram.fmaa8-1.fna.fbcdn.net&_nc_cat=108"}, {"key": "https://www.instagram.com/p/By08cAEgS0H/", "caption": "A restaurant in Fort Mill, South Carolina, is being accused of making racist remarks to a black family and then asking them to leave, reports WJZY. 👆🏻Tap link in Bio to read more! 👆🏻", "img_url": "https://instagram.fmaa8-1.fna.fbcdn.net/vp/97a982304e8a2c164983411272002281/5E5CEAB3/t51.2885-15/e15/c64.0.592.592a/62528871_376709472953077_946336087209300132_n.jpg?_nc_ht=instagram.fmaa8-1.fna.fbcdn.net&_nc_cat=101"}, {"key": "https://www.instagram.com/p/By032PrBL4t/", "caption": "Shots were fired at a parade for the Toronto @raptors  NBA champions on Monday, causing a mass panic. 👆🏻👆🏻Tap link in bio to read more 👆🏻👆🏻", "img_url": "https://instagram.fmaa8-1.fna.fbcdn.net/vp/7da897818a8c75270c3b7525ff4cb750/5E424527/t51.2885-15/sh0.08/e35/c78.0.923.923a/s640x640/64598824_1364236923714999_8173713482590196143_n.jpg?_nc_ht=instagram.fmaa8-1.fna.fbcdn.net&_nc_cat=103"}, {"key": "https://www.instagram.com/p/By0d7kxgRSR/", "caption": "Bombshell reports from the New York Times have found that @realdonaldtrump has lied about his wealth for decades now — even during times when he was burning through cash and had trouble finding a bank willing to lend him money. 👆🏻👆🏻Tap link in bio to read more 👆🏻👆🏻", "img_url": "https://instagram.fmaa8-1.fna.fbcdn.net/vp/b1988cced28d094179dfe4f598859f7f/5E582662/t51.2885-15/e15/c62.0.596.596a/62472717_2472814796091709_4054527441277416466_n.jpg?_nc_ht=instagram.fmaa8-1.fna.fbcdn.net&_nc_cat=101"}, {"key": "https://www.instagram.com/p/ByyF_vvF23y/", "caption": "", "img_url": "https://instagram.fmaa8-1.fna.fbcdn.net/vp/8f06befae6af81147472d149055e1a22/5DBF3108/t51.2885-15/sh0.08/e35/s640x640/62256753_150737976067541_5076184156783892694_n.jpg?_nc_ht=instagram.fmaa8-1.fna.fbcdn.net&_nc_cat=105"}, {"key": "https://www.instagram.com/p/ByxmxrNh8W-/", "caption": "@realdonaldtrump is reportedly cutting ties with some of his pollsters after leaks from his campaign showed him losing in some battleground states. 👆🏻👆🏻Tap link in bio to read more 👆🏻👆🏻 #breakingnews #breaking #politics #trump", "img_url": "https://instagram.fmaa8-1.fna.fbcdn.net/vp/73fba3aa42375465a1ebc4594cdcbd76/5E59BE08/t51.2885-15/sh0.08/e35/c5.0.1070.1070a/s640x640/61767702_1232409523592916_6556710463982465167_n.jpg?_nc_ht=instagram.fmaa8-1.fna.fbcdn.net&_nc_cat=100"}, {"key": "https://www.instagram.com/p/ByvY3qmhP7m/", "caption": "On Saturday, Rep. Tim Ryan (D-OH), a 2020 candidate for president, told MSNBC’s Alex Witt that the rapidly escalating tensions between the United States and Iran are President Donald Trump’s fault — and explained how he would do things differently if he is elected. 👆🏻👆🏻Tap link in bio to read more 👆🏻👆🏻", "img_url": "https://instagram.fmaa8-1.fna.fbcdn.net/vp/59255ab17bb076d6e66c9d3561cc51cf/5E6537D3/t51.2885-15/sh0.08/e35/c0.30.1080.1080a/s640x640/65034397_121210395768506_1437549214359853570_n.jpg?_nc_ht=instagram.fmaa8-1.fna.fbcdn.net&_nc_cat=102"}, {"key": "https://www.instagram.com/p/ByrFsCWhRoa/", "caption": "", "img_url": "https://instagram.fmaa8-1.fna.fbcdn.net/vp/8421db8a1e1b89a6c0944e8e8a2b1fa7/5DBF6A45/t51.2885-15/sh0.08/e35/s640x640/64774782_2393843010638997_3266165584040537693_n.jpg?_nc_ht=instagram.fmaa8-1.fna.fbcdn.net&_nc_cat=109"}, {"key": "https://www.instagram.com/p/ByqceGgJ_wA/", "caption": "White House press secretary Sarah Huckabee Sanders is leaving the administration, President Donald Trump announced in a Thursday tweet 👆🏻👆🏻 Tap link in Bio to read more 👆🏻👆🏻", "img_url": "https://instagram.fmaa8-1.fna.fbcdn.net/vp/d89f974fdaec31f7c0fab4bdb0a9b982/5E56658D/t51.2885-15/e15/c70.0.580.580a/62068264_449806565830275_5059497734960447051_n.jpg?_nc_ht=instagram.fmaa8-1.fna.fbcdn.net&_nc_cat=103"}, {"key": "https://www.instagram.com/p/BypoM5qhfdq/", "caption": "@msnbc Joe Scarborough bashed @realdonaldtrump  for inviting foreign election interference — again — and called on Republicans to condemn his statements. 👆🏻👆🏻Tap link in bio to read more 👆🏻👆🏻 #2020 #election", "img_url": "https://instagram.fmaa8-1.fna.fbcdn.net/vp/d7bae8a5a61e072e45bf488f868be4b0/5E5E2276/t51.2885-15/sh0.08/e35/c0.18.987.987a/s640x640/61400278_345545159465922_7121070860965678432_n.jpg?_nc_ht=instagram.fmaa8-1.fna.fbcdn.net&_nc_cat=106"}, {"key": "https://www.instagram.com/p/Byn6uaohW_u/", "caption": "Conservative columnist George Will went on @cnbc Wednesday to dig a grave for the Republican Party.⠀\n⠀\nWhile talking about the rise of economic populism on both the left and right in the United States, Will lamented the decline of traditional conservative belief in the free market.⠀\n⠀\n👆🏻👆🏻 Tap link in bio to read more 👆🏻👆🏻⠀", "img_url": "https://instagram.fmaa8-1.fna.fbcdn.net/vp/1910abd0a3fc94f4c279c26e3cd0db36/5E60D1CC/t51.2885-15/e15/c68.0.584.584a/61412827_878047639227261_7680102925036890433_n.jpg?_nc_ht=instagram.fmaa8-1.fna.fbcdn.net&_nc_cat=109"}, {"key": "https://www.instagram.com/p/BynyTJKBRmC/", "caption": "", "img_url": "https://instagram.fmaa8-1.fna.fbcdn.net/vp/6aa7b24866fdf8099ed9fefc7d53aab1/5DBF0A84/t51.2885-15/sh0.08/e35/s640x640/64586682_456555698508774_845820757409546295_n.jpg?_nc_ht=instagram.fmaa8-1.fna.fbcdn.net&_nc_cat=106"}, {"key": "https://www.instagram.com/p/BynQieCjEXi/", "caption": "‘Toddler’ 👶🏻 Trump drowned in ridicule after he angrily whines about ‘fake’ polls showing he’d lose 👆🏻👆🏻 Tap Link In Bio to Read More 👆🏻👆🏻 #trump", "img_url": "https://instagram.fmaa8-1.fna.fbcdn.net/vp/1a2dbf9c005f5b7f48c585fe3a8130b8/5E4EEDFD/t51.2885-15/e15/c73.0.573.573a/64280382_2522413664435823_957076281547414791_n.jpg?_nc_ht=instagram.fmaa8-1.fna.fbcdn.net&_nc_cat=103"}, {"key": "https://www.instagram.com/p/BylJtc1BE3R/", "caption": "", "img_url": "https://instagram.fmaa8-1.fna.fbcdn.net/vp/9762f6b6c2ddd842fa33caf40d2ba421/5DBFFED1/t51.2885-15/sh0.08/e35/s640x640/61856307_2395730433993552_3720364771340933324_n.jpg?_nc_ht=instagram.fmaa8-1.fna.fbcdn.net&_nc_cat=100"}, {"key": "https://www.instagram.com/p/BylGuAQhZA-/", "caption": "Is anyone shocked here? 🙆🏻‍♂️ President Donald Trump went off on an angry rant on the White House South Lawn Tuesday that included attacks on his political rivals, as well as effusive praise for North Korean dictator Kim Jong-un 👆🏻👆🏻 Click Link in Bio to watch 👆🏻👆🏻", "img_url": "https://instagram.fmaa8-1.fna.fbcdn.net/vp/b92a10dfbc036e0b7c32f6f0e4c54f36/5E555043/t51.2885-15/sh0.08/e35/c0.22.1080.1080a/s640x640/64301157_137753460654985_9118359117737517750_n.jpg?_nc_ht=instagram.fmaa8-1.fna.fbcdn.net&_nc_cat=101"}, {"key": "https://www.instagram.com/p/BylBuBXn_hH/", "caption": "Fox News White House correspondent John Roberts on Tuesday said President Donald Trump “just went off” after he asked a question about his potential 2020 rival, Democratic candidate Joe Biden. 👆👆Follow link in bio to read more! 👆👆 ⠀\n⠀\n#donaldtrump #politics #usa #america #funny #president #maga #republican #instagood", "img_url": "https://instagram.fmaa8-1.fna.fbcdn.net/vp/22a21eccc9de0a2ff62d6dc2c231ac59/5E618C85/t51.2885-15/e15/c65.0.590.590a/62533253_145025463282023_5314123459153781852_n.jpg?_nc_ht=instagram.fmaa8-1.fna.fbcdn.net&_nc_cat=111"}, {"key": "https://www.instagram.com/p/BykyNS3AmNt/", "caption": "Can't make this stuff up! Follow link in bio to read more. #rawstory #politicalnews #GOP #republican", "img_url": "https://instagram.fmaa8-1.fna.fbcdn.net/vp/ce92c6b9133e09414951840aa2859181/5E5BFE8C/t51.2885-15/e15/c67.0.586.586a/64299556_493201971432046_3559483024853708202_n.jpg?_nc_ht=instagram.fmaa8-1.fna.fbcdn.net&_nc_cat=110"}, {"key": "https://www.instagram.com/p/ByjwAM3hgXa/", "caption": "", "img_url": "https://instagram.fmaa8-1.fna.fbcdn.net/vp/ececf9116e91d3d03cff8fe6633f72e0/5DBF2351/t51.2885-15/sh0.08/e35/s640x640/62530702_384746285474129_5907645638800328657_n.jpg?_nc_ht=instagram.fmaa8-1.fna.fbcdn.net&_nc_cat=105"}, {"key": "https://www.instagram.com/p/ByjFGhYh4cm/", "caption": "Click link in bio for more information!", "img_url": "https://instagram.fmaa8-1.fna.fbcdn.net/vp/1c6cf3e50ca2a0464f5b4ce297d51376/5E57FFF8/t51.2885-15/sh0.08/e35/c0.59.1080.1080a/s640x640/62089863_2561566203877635_1781692566676453211_n.jpg?_nc_ht=instagram.fmaa8-1.fna.fbcdn.net&_nc_cat=103"}, {"key": "https://www.instagram.com/p/ByivBVphEPB/", "caption": "LIVE Coverage of helicopter crash in #manhattan #breakingnews. Click the link in our bio to watch.", "img_url": "https://instagram.fmaa8-1.fna.fbcdn.net/vp/a6d04338cacb0b36ba73c154f89c7df4/5E63B307/t51.2885-15/sh0.08/e35/c8.0.1007.1007a/s640x640/61920666_304007760554297_4097309852761353554_n.jpg?_nc_ht=instagram.fmaa8-1.fna.fbcdn.net&_nc_cat=105"}, {"key": "https://www.instagram.com/p/ByiuQYVhHbO/", "caption": "#JimJordan schooled in hearing. Click on the link in our bio to read more.", "img_url": "https://instagram.fmaa8-1.fna.fbcdn.net/vp/62c30c426a13376b1b18d598c1c01c3b/5E5EDCE4/t51.2885-15/sh0.08/e35/c0.40.1080.1080a/s640x640/64434049_2041158259527077_4245362629400071018_n.jpg?_nc_ht=instagram.fmaa8-1.fna.fbcdn.net&_nc_cat=105"}, {"key": "https://www.instagram.com/p/ByTIzzsBQil/", "caption": "EXCLUSIVE 🔥Follow link in bio 👆🏼\n.\n.\n.\n.\n.\n#trump #breakingnews #DCReport #RawStory", "img_url": "https://instagram.fmaa8-1.fna.fbcdn.net/vp/7349a76f6edd928e3b0cf33d1adf17bf/5E636F76/t51.2885-15/sh0.08/e35/c0.134.1079.1079a/s640x640/61899956_389085465283014_6858813304996524730_n.jpg?_nc_ht=instagram.fmaa8-1.fna.fbcdn.net&_nc_cat=106"}, {"key": "https://www.instagram.com/p/ByS2MdKhCOc/", "caption": "", "img_url": "https://instagram.fmaa8-1.fna.fbcdn.net/vp/c86a701baf553f9d8732a62fda8f60aa/5DC006E8/t51.2885-15/sh0.08/e35/s640x640/60614409_2189906434397992_2623944658749346560_n.jpg?_nc_ht=instagram.fmaa8-1.fna.fbcdn.net&_nc_cat=104"}, {"key": "https://www.instagram.com/p/ByGMLAIBxb6/", "caption": "", "img_url": "https://instagram.fmaa8-1.fna.fbcdn.net/vp/aa020959b9542c8f76b5a71231e2ffca/5DBF960A/t51.2885-15/sh0.08/e35/s640x640/60400877_2494240297254476_7994326174306276274_n.jpg?_nc_ht=instagram.fmaa8-1.fna.fbcdn.net&_nc_cat=108"}, {"key": "https://www.instagram.com/p/ByAhm_fBin2/", "caption": "Welcome all! Link in bio! #rawstory #politics #progressive #dcreport #instagood #instadaily #instanews #news #thanks", "img_url": "https://instagram.fmaa8-1.fna.fbcdn.net/vp/e7f365fd440946b972b16b938af4e424/5E42B795/t51.2885-15/sh0.08/e35/s640x640/61192679_1010124856043362_5500555401297125053_n.jpg?_nc_ht=instagram.fmaa8-1.fna.fbcdn.net&_nc_cat=110"}, {"key": "https://www.instagram.com/p/BxsvNMHh79V/", "caption": "Get it! \nhttps://www.rawstory.com/2019/05/federal-judge-sides-with-house-oversight-democrats-on-subpoena-for-trump-financial-records/", "img_url": "https://instagram.fmaa8-1.fna.fbcdn.net/vp/a2d8218052153cc4ab5d6f3bda22f361/5E5EC863/t51.2885-15/sh0.08/e35/s640x640/60909102_572500129939354_4238408331308858770_n.jpg?_nc_ht=instagram.fmaa8-1.fna.fbcdn.net&_nc_cat=110"}]